Q1_1,Q1_2,Q1_3,Q1_4,Q1_5,Q1_6,Q3_1_S1,Q3_2_S2,Q3_3_S3,Q3_4_S4,Q3_5_S5,Q3_6_S6,Q3_7_S7,Stress_Score,Stress_Level,Q3_8_A1,Q3_9_A2,Q3_10_A3,Q3_11_A4,Q3_12_A5,Q3_13_A6,Q3_14_A7,Anxiety_Score,Anxiety_Level,Q3_15_D1,Q3_16_D2,Q3_17_D3,Q3_18_D4,Q3_19_D5,Q3_20_D6,Q3_21_D7,Depression_Score,Depression_Level,stress_score,anxiety_score,depression_score,stress_category,anxiety_category,depression_category,max_severity,mental_risk_category
21,2,0,4,4,1,3,3,3,3,1,1,2,16,4,0,0,0,3,0,2,2,7,3,0,3,3,2,3,3,3,17,5,32,14,34,Severe,Moderate,Extremely Severe,4,High
18,2,0,4,4,1,3,3,3,3,1,1,2,16,4,0,0,0,0,2,0,3,5,2,0,2,3,0,0,2,0,7,3,32,10,14,Severe,Moderate,Moderate,3,High
40,2,1,2,1,1,3,3,1,2,2,2,1,14,4,1,1,2,2,1,2,1,10,5,2,1,1,2,2,1,2,11,4,28,20,22,Severe,Extremely Severe,Severe,4,High
24,1,0,4,2,0,3,3,1,2,2,2,1,14,4,1,1,2,2,1,2,1,10,5,2,1,1,2,2,1,2,11,4,28,20,22,Severe,Extremely Severe,Severe,4,High
50,1,1,2,2,0,3,3,3,2,1,2,3,17,5,1,0,0,0,2,1,1,5,2,1,0,0,1,2,0,0,4,1,34,10,8,Extremely Severe,Moderate,Normal,4,High
22,2,1,3,1,0,3,3,3,2,1,2,3,17,5,1,0,0,0,2,1,1,5,2,1,0,0,1,2,0,0,4,1,34,10,8,Extremely Severe,Moderate,Normal,4,High
48,1,1,1,5,1,2,3,1,1,1,3,2,13,4,1,0,3,1,1,1,1,8,4,2,1,1,2,1,1,2,10,3,26,16,20,Severe,Severe,Moderate,3,High
19,2,0,4,4,1,2,3,1,1,1,2,3,13,4,0,0,0,0,0,0,0,0,1,0,0,0,2,2,0,0,4,1,26,0,8,Severe,Normal,Normal,3,High
18,2,0,4,4,1,2,3,3,2,2,2,2,16,4,0,0,0,1,0,0,0,1,1,0,0,1,1,1,1,1,5,2,32,2,10,Severe,Normal,Mild,3,High
22,1,0,5,3,1,2,3,2,3,1,3,2,16,4,1,0,1,0,0,0,0,2,1,1,1,0,0,1,0,0,3,1,32,4,6,Severe,Normal,Normal,3,High
22,1,0,4,3,1,2,3,3,2,1,1,1,13,4,1,0,1,3,1,3,1,10,5,1,1,1,3,1,3,3,13,4,26,20,26,Severe,Extremely Severe,Severe,4,High
23,1,0,3,3,1,2,3,1,3,3,3,2,17,5,1,0,1,1,1,3,3,10,5,0,0,1,1,1,1,1,5,2,34,20,10,Extremely Severe,Extremely Severe,Mild,4,High
30,1,1,5,2,1,2,3,2,1,2,0,0,10,3,1,0,1,0,0,1,0,3,1,0,0,1,1,0,0,0,2,1,20,6,4,Moderate,Normal,Normal,2,Moderate
29,1,1,5,2,1,2,3,1,3,1,2,1,13,4,0,1,1,0,1,0,0,3,1,3,1,2,3,1,3,1,14,5,26,6,28,Severe,Normal,Extremely Severe,4,High
36,2,1,4,2,1,2,3,3,3,1,3,3,18,5,0,0,1,2,0,0,0,3,1,2,1,2,3,1,1,1,11,4,36,6,22,Extremely Severe,Normal,Severe,4,High
26,2,1,4,2,1,2,3,2,2,1,3,3,16,4,1,1,2,1,1,2,1,9,4,1,1,0,1,1,1,0,5,2,32,18,10,Severe,Severe,Mild,3,High
35,1,1,4,2,1,2,3,1,1,1,2,1,11,3,1,1,1,2,2,1,1,9,4,2,1,2,1,2,3,3,14,5,22,18,28,Moderate,Severe,Extremely Severe,4,High
28,2,1,5,1,1,2,3,1,3,1,3,1,14,4,0,2,0,0,0,0,0,2,1,2,3,2,3,2,3,2,17,5,28,4,34,Severe,Normal,Extremely Severe,4,High
30,2,1,4,1,1,2,3,1,1,2,0,1,10,3,1,2,2,2,0,0,1,8,4,2,1,1,2,2,1,0,9,3,20,16,18,Moderate,Severe,Moderate,3,High
20,2,1,4,1,1,2,3,1,1,1,1,1,10,3,0,0,0,0,0,0,1,1,1,1,1,1,1,1,1,1,7,3,20,2,14,Moderate,Normal,Moderate,2,Moderate
36,2,1,2,1,1,2,3,3,3,1,3,3,18,5,1,1,0,3,0,1,1,7,3,3,3,3,3,2,1,2,17,5,36,14,34,Extremely Severe,Moderate,Extremely Severe,4,High
61,2,1,1,1,1,2,3,2,1,1,3,1,13,4,2,0,0,1,0,1,0,4,2,0,2,2,1,3,0,1,9,3,26,8,18,Severe,Mild,Moderate,3,High
21,2,0,1,1,1,2,3,2,3,3,2,2,17,5,0,0,0,1,1,1,1,4,2,1,2,3,2,0,1,2,11,4,34,8,22,Extremely Severe,Mild,Severe,4,High
53,1,1,1,5,0,2,3,1,1,1,1,2,11,3,1,1,1,1,1,1,1,7,3,1,1,2,2,2,3,3,14,5,22,14,28,Moderate,Moderate,Extremely Severe,4,High
28,1,1,5,4,0,2,3,2,3,1,3,2,16,4,1,0,1,0,0,0,0,2,1,1,1,0,0,1,0,0,3,1,32,4,6,Severe,Normal,Normal,3,High
21,2,0,4,4,0,2,3,1,3,3,3,2,17,5,1,0,1,1,1,3,3,10,5,0,0,1,1,1,1,1,5,2,34,20,10,Extremely Severe,Extremely Severe,Mild,4,High
37,2,1,2,4,0,2,3,3,3,2,2,3,18,5,0,0,0,0,1,1,1,3,1,1,2,2,3,3,3,3,17,5,36,6,34,Extremely Severe,Normal,Extremely Severe,4,High
21,2,1,2,4,0,2,3,3,2,2,2,2,16,4,0,0,0,1,0,0,1,2,1,0,1,1,1,1,1,1,6,2,32,4,12,Severe,Normal,Mild,3,High
16,2,0,2,4,0,2,3,3,3,1,3,3,18,5,0,1,1,1,1,0,0,4,2,1,0,1,2,0,2,1,7,3,36,8,14,Extremely Severe,Mild,Moderate,4,High
35,1,1,5,3,0,2,3,1,1,1,2,1,11,3,1,1,1,2,2,1,1,9,4,2,1,2,1,2,3,3,14,5,22,18,28,Moderate,Severe,Extremely Severe,4,High
19,2,0,5,3,0,2,3,2,2,2,1,2,14,4,0,0,0,1,1,1,1,4,2,0,0,1,1,1,1,1,5,2,28,8,10,Severe,Mild,Mild,3,High
46,1,1,4,3,0,2,3,2,3,2,3,2,17,5,0,0,1,1,1,1,0,4,2,1,2,2,3,3,3,3,17,5,34,8,34,Extremely Severe,Mild,Extremely Severe,4,High
33,1,1,5,2,0,2,3,1,1,1,1,1,10,3,0,0,0,0,0,0,1,1,1,1,1,1,1,1,1,1,7,3,20,2,14,Moderate,Normal,Moderate,2,Moderate
28,1,1,4,2,0,2,3,2,1,1,3,1,13,4,2,0,0,1,0,1,0,4,2,0,2,2,1,0,0,1,6,2,26,8,12,Severe,Mild,Mild,3,High
19,1,0,4,2,0,2,3,3,3,1,3,3,18,5,1,1,0,3,0,1,1,7,3,3,3,3,3,2,1,2,17,5,36,14,34,Extremely Severe,Moderate,Extremely Severe,4,High
34,1,1,3,2,0,2,3,2,3,3,2,2,17,5,1,1,1,1,1,1,0,6,3,1,2,3,2,0,1,2,11,4,34,12,22,Extremely Severe,Moderate,Severe,4,High
27,1,1,3,2,0,2,3,2,1,2,0,0,10,3,1,0,1,0,0,1,0,3,1,0,0,1,1,0,0,0,2,1,20,6,4,Moderate,Normal,Normal,2,Moderate
27,1,1,2,2,0,2,3,3,3,1,3,3,18,5,0,1,2,0,0,0,0,3,1,2,1,2,3,1,1,1,11,4,36,6,22,Extremely Severe,Normal,Severe,4,High
51,1,1,1,2,0,2,3,2,2,1,3,3,16,4,1,1,2,1,1,2,1,9,4,1,1,0,1,1,1,0,5,2,32,18,10,Severe,Severe,Mild,3,High
29,2,1,3,1,0,2,3,2,1,2,2,2,14,4,0,0,0,0,0,0,2,2,1,2,1,2,1,3,1,3,13,4,28,4,26,Severe,Normal,Severe,3,High
20,2,1,3,1,0,2,3,2,3,2,3,2,17,5,1,1,1,0,0,0,0,3,1,1,2,2,3,3,3,3,17,5,34,6,34,Extremely Severe,Normal,Extremely Severe,4,High
50,2,1,2,1,0,2,3,2,1,2,2,2,14,4,2,0,2,2,0,0,0,6,3,2,1,2,1,3,1,3,13,4,28,12,26,Severe,Moderate,Severe,3,High
19,2,1,2,1,0,2,3,1,3,1,3,1,14,4,0,0,0,0,0,0,3,3,1,2,3,2,3,2,3,2,17,5,28,6,34,Severe,Normal,Extremely Severe,4,High
60,2,1,1,1,0,2,3,1,1,2,0,1,10,3,1,2,2,2,0,0,1,8,4,2,1,1,2,2,1,0,9,3,20,16,18,Moderate,Severe,Moderate,3,High
20,2,1,4,4,1,1,3,3,2,2,2,3,16,4,2,2,0,2,1,1,1,9,4,0,0,0,0,3,3,0,6,2,32,18,12,Severe,Severe,Mild,3,High
37,1,1,4,4,1,1,3,0,1,0,3,1,9,2,2,2,2,2,0,0,0,8,4,0,1,3,1,2,1,2,10,3,18,16,20,Mild,Severe,Moderate,3,High
22,2,0,4,4,1,1,3,2,2,3,3,3,17,5,3,1,0,0,1,1,1,7,3,2,0,0,2,0,1,0,5,2,34,14,10,Extremely Severe,Moderate,Mild,4,High
21,2,0,4,4,1,1,3,3,1,2,3,3,16,4,0,0,0,0,0,2,2,4,2,0,0,1,1,0,1,1,4,1,32,8,8,Severe,Mild,Normal,3,High
28,2,1,5,2,1,1,3,0,1,0,1,3,9,2,0,2,2,0,0,0,0,4,2,2,2,2,0,0,0,0,6,2,18,8,12,Mild,Mild,Mild,1,Low
40,2,1,4,2,1,1,3,3,1,2,3,3,16,4,0,2,1,1,2,0,1,7,3,1,2,3,2,0,2,1,11,4,32,14,22,Severe,Moderate,Severe,3,High
36,2,1,4,2,1,1,3,2,3,2,3,2,16,4,0,0,2,0,2,2,0,6,3,2,2,2,3,3,1,1,14,5,32,12,28,Severe,Moderate,Extremely Severe,4,High
30,1,1,4,2,1,1,3,1,3,1,0,3,12,3,1,2,1,1,1,3,0,9,4,0,0,0,1,0,1,1,3,1,24,18,6,Moderate,Severe,Normal,3,High
24,1,1,1,2,1,1,3,1,1,0,0,2,8,2,1,1,1,0,1,1,1,6,3,0,0,0,1,0,1,1,3,1,16,12,6,Mild,Moderate,Normal,2,Moderate
31,2,1,5,1,1,1,3,2,1,1,3,1,12,3,1,0,0,1,1,1,1,5,2,0,0,0,0,1,1,0,2,1,24,10,4,Moderate,Moderate,Normal,2,Moderate
24,2,1,4,1,1,1,3,2,0,1,3,2,12,3,0,0,0,2,2,0,0,4,2,3,2,1,2,3,2,1,14,5,24,8,28,Moderate,Mild,Extremely Severe,4,High
24,2,1,4,1,1,1,3,3,2,1,1,2,13,4,0,0,0,0,0,0,0,0,1,2,3,3,2,3,3,3,19,5,26,0,38,Severe,Normal,Extremely Severe,4,High
29,2,1,3,1,1,1,3,1,2,2,1,0,10,3,1,0,0,1,3,2,1,8,4,2,1,3,3,0,1,3,13,4,20,16,26,Moderate,Severe,Severe,3,High
25,2,1,3,1,1,1,3,2,1,1,1,2,11,3,0,0,0,0,3,3,0,6,3,3,1,1,2,1,1,3,12,4,22,12,24,Moderate,Moderate,Severe,3,High
20,2,1,3,1,1,1,3,1,2,2,1,0,10,3,1,0,0,1,3,2,1,8,4,2,1,3,3,0,1,3,13,4,20,16,26,Moderate,Severe,Severe,3,High
34,2,1,2,1,1,1,3,2,1,2,3,1,13,4,0,0,0,0,0,0,0,0,1,1,2,1,1,2,1,2,10,3,26,0,20,Severe,Normal,Moderate,3,High
61,2,1,1,1,1,1,3,1,1,1,3,2,12,3,0,0,1,3,1,0,2,7,3,1,3,1,3,1,2,3,14,5,24,14,28,Moderate,Moderate,Extremely Severe,4,High
47,1,1,2,5,0,1,3,2,1,1,1,2,11,3,1,1,0,2,1,1,1,7,3,0,3,2,1,1,2,2,11,4,22,14,22,Moderate,Moderate,Severe,3,High
20,2,0,5,4,0,1,3,1,1,0,0,2,8,2,1,1,1,0,1,1,1,6,3,0,0,0,1,0,1,1,3,1,16,12,6,Mild,Moderate,Normal,2,Moderate
20,2,0,5,4,0,1,3,3,2,1,1,3,14,4,2,1,0,0,0,1,2,6,3,0,0,1,0,1,0,2,4,1,28,12,8,Severe,Moderate,Normal,3,High
20,2,0,5,4,0,1,3,1,0,1,1,3,10,3,1,0,1,1,1,1,0,5,2,0,0,1,1,1,3,3,9,3,20,10,18,Moderate,Moderate,Moderate,2,Moderate
33,1,1,4,4,0,1,3,3,2,2,2,3,16,4,2,2,0,2,1,1,1,9,4,3,0,0,0,0,0,3,6,2,32,18,12,Severe,Severe,Mild,3,High
21,2,0,4,4,0,1,3,1,1,1,1,3,11,3,1,0,1,1,0,1,0,4,2,2,0,0,2,1,0,0,5,2,22,8,10,Moderate,Mild,Mild,2,Moderate
25,2,0,3,4,0,1,3,2,2,3,3,3,17,5,3,1,0,0,1,1,1,7,3,2,0,0,2,0,1,0,5,2,34,14,10,Extremely Severe,Moderate,Mild,4,High
16,2,0,3,4,0,1,3,3,1,2,3,3,16,4,0,0,0,0,0,0,3,3,1,0,2,0,0,2,2,2,8,3,32,6,16,Severe,Normal,Moderate,3,High
37,2,1,1,4,0,1,3,0,1,0,3,1,9,2,2,0,0,0,2,2,2,8,4,0,1,3,1,2,1,2,10,3,18,16,20,Mild,Severe,Moderate,3,High
21,1,0,5,3,0,1,3,3,3,1,2,1,14,4,0,0,0,1,0,1,0,2,1,3,3,1,1,1,1,1,11,4,28,4,22,Severe,Normal,Severe,3,High
48,1,1,3,3,0,1,3,1,2,0,1,3,11,3,1,0,2,0,1,2,3,9,4,1,2,0,3,1,2,1,10,3,22,18,20,Moderate,Severe,Moderate,3,High
30,2,1,5,2,0,1,3,2,0,1,3,2,12,3,0,0,0,0,2,2,2,6,3,3,2,1,2,3,2,1,14,5,24,12,28,Moderate,Moderate,Extremely Severe,4,High
30,2,1,5,2,0,1,3,3,2,1,1,2,13,4,0,0,0,0,0,0,0,0,1,2,3,3,2,3,3,3,19,5,26,0,38,Severe,Normal,Extremely Severe,4,High
34,1,1,5,2,0,1,3,1,2,2,1,0,10,3,1,0,0,1,3,2,1,8,4,2,1,3,3,0,1,3,13,4,20,16,26,Moderate,Severe,Severe,3,High
30,2,1,4,2,0,1,3,2,1,1,1,2,11,3,0,0,2,2,0,0,0,4,2,3,1,1,2,1,1,3,12,4,22,8,24,Moderate,Mild,Severe,3,High
21,2,1,4,2,0,1,3,1,2,2,1,0,10,3,1,0,0,1,3,2,1,8,4,2,1,3,3,0,1,3,13,4,20,16,26,Moderate,Severe,Severe,3,High
45,1,1,4,2,0,1,3,2,1,2,3,1,13,4,0,0,0,0,0,0,0,0,1,1,2,1,1,2,1,2,10,3,26,0,20,Severe,Normal,Moderate,3,High
31,1,1,4,2,0,1,3,1,1,1,3,2,12,3,0,0,1,3,1,0,2,7,3,1,3,1,3,1,2,3,14,5,24,14,28,Moderate,Moderate,Extremely Severe,4,High
45,1,1,3,2,0,1,3,0,1,0,1,3,9,2,0,0,0,1,0,0,0,1,1,0,2,2,2,0,0,0,6,2,18,2,12,Mild,Normal,Mild,1,Low
50,1,1,2,2,0,1,3,2,2,1,3,2,14,4,1,1,2,2,1,1,0,8,4,1,0,0,2,1,0,1,5,2,28,16,10,Severe,Severe,Mild,3,High
28,1,1,2,2,0,1,3,3,1,2,3,3,16,4,0,2,1,1,2,0,1,7,3,1,2,3,2,0,2,1,11,4,32,14,22,Severe,Moderate,Severe,3,High
28,1,0,2,2,0,1,3,2,3,2,3,2,16,4,0,2,2,2,2,0,0,8,4,2,2,2,3,3,1,1,14,5,32,16,28,Severe,Severe,Extremely Severe,4,High
24,2,1,3,1,0,1,3,2,2,1,3,2,14,4,1,1,2,2,1,1,0,8,4,1,0,0,2,1,0,1,5,2,28,16,10,Severe,Severe,Mild,3,High
43,2,1,2,1,0,1,3,1,2,0,1,3,11,3,1,0,2,0,1,2,3,9,4,1,2,0,3,1,2,1,10,3,22,18,20,Moderate,Severe,Moderate,3,High
25,2,1,2,1,0,1,3,2,1,1,1,2,11,3,1,1,0,2,1,1,1,7,3,0,3,2,1,1,2,2,11,4,22,14,22,Moderate,Moderate,Severe,3,High
22,2,1,2,1,0,1,3,2,1,1,3,1,12,3,1,0,0,1,1,1,1,5,2,0,0,0,0,1,1,0,2,1,24,10,4,Moderate,Moderate,Normal,2,Moderate
22,2,1,4,4,1,0,3,3,3,2,3,3,17,5,0,0,0,1,1,1,0,3,1,3,0,1,3,3,1,0,11,4,34,6,22,Extremely Severe,Normal,Severe,4,High
27,2,1,5,2,1,0,3,0,0,0,3,0,6,1,1,0,0,0,0,0,0,1,1,3,0,3,0,0,0,0,6,2,12,2,12,Normal,Normal,Mild,1,Low
24,1,1,5,2,1,0,3,0,1,0,3,2,9,2,0,0,0,0,0,0,0,0,1,3,0,0,1,0,0,0,4,1,18,0,8,Mild,Normal,Normal,1,Low
26,2,1,4,1,1,0,3,3,2,1,2,3,14,4,1,0,0,0,2,1,1,5,2,1,0,0,1,2,0,0,4,1,28,10,8,Severe,Moderate,Normal,3,High
40,2,1,3,1,1,0,3,3,3,2,3,3,17,5,0,0,0,0,0,0,0,0,1,1,1,0,2,1,1,1,7,3,34,0,14,Extremely Severe,Normal,Moderate,4,High
19,2,0,5,4,0,0,3,1,3,1,1,1,10,3,0,0,1,1,1,0,0,3,1,1,1,0,1,1,0,0,4,1,20,6,8,Moderate,Normal,Normal,2,Moderate
17,2,0,4,4,0,0,3,3,3,2,3,3,17,5,1,1,1,0,0,0,0,3,1,3,0,1,3,3,1,0,11,4,34,6,22,Extremely Severe,Normal,Severe,4,High
25,1,1,5,2,0,0,3,3,3,2,3,3,17,5,2,2,0,2,2,0,0,8,4,1,1,0,0,1,1,1,5,2,34,16,10,Extremely Severe,Severe,Mild,4,High
28,1,1,3,2,0,0,3,0,0,0,3,0,6,1,1,0,0,0,0,0,0,1,1,3,0,3,0,3,0,0,9,3,12,2,18,Normal,Normal,Moderate,2,Moderate
27,1,1,3,2,0,0,3,0,1,0,3,2,9,2,0,0,0,0,0,0,0,0,1,3,0,0,1,0,0,0,4,1,18,0,8,Mild,Normal,Normal,1,Low
27,2,1,1,1,0,0,3,3,2,1,2,3,14,4,1,0,0,0,2,1,1,5,2,1,0,0,1,2,0,0,4,1,28,10,8,Severe,Moderate,Normal,3,High
30,2,1,2,4,1,3,2,3,3,0,3,3,17,5,1,0,0,3,1,0,3,8,4,0,1,3,1,3,3,3,14,5,34,16,28,Extremely Severe,Severe,Extremely Severe,4,High
45,1,1,3,3,1,3,2,0,1,1,1,2,10,3,1,0,1,1,1,1,1,6,3,3,0,1,1,1,0,0,6,2,20,12,12,Moderate,Moderate,Mild,2,Moderate
33,1,1,4,2,1,3,2,0,2,0,1,3,11,3,1,2,3,0,1,0,0,7,3,1,0,2,0,0,0,0,3,1,22,14,6,Moderate,Moderate,Normal,2,Moderate
21,2,0,4,2,1,3,2,0,0,0,3,3,11,3,1,0,0,0,0,2,1,4,2,0,0,0,0,0,0,0,0,1,22,8,0,Moderate,Mild,Normal,2,Moderate
45,2,1,3,1,1,3,2,2,2,3,3,2,17,5,0,0,0,0,0,0,0,0,1,2,2,3,2,2,3,3,17,5,34,0,34,Extremely Severe,Normal,Extremely Severe,4,High
25,2,1,3,1,1,3,2,2,2,2,3,2,16,4,1,0,0,2,2,2,2,9,4,1,1,2,2,2,2,2,12,4,32,18,24,Severe,Severe,Severe,3,High
29,2,1,2,1,1,3,2,3,3,1,0,1,13,4,1,0,0,0,1,1,0,3,1,0,1,1,3,2,0,2,9,3,26,6,18,Severe,Normal,Moderate,3,High
27,2,1,2,1,1,3,2,2,2,1,1,1,12,3,1,0,0,1,1,1,1,5,2,0,1,1,1,1,1,1,6,2,24,10,12,Moderate,Moderate,Mild,2,Moderate
58,2,1,1,1,1,3,2,3,3,3,2,2,18,5,0,0,0,0,0,0,0,0,1,1,1,2,2,2,1,0,9,3,36,0,18,Extremely Severe,Normal,Moderate,4,High
55,2,1,1,1,1,3,2,1,1,2,2,3,14,4,0,0,2,0,2,2,2,8,4,1,2,1,3,2,1,1,11,4,28,16,22,Severe,Severe,Severe,3,High
40,2,1,1,1,1,3,2,1,1,1,2,2,12,3,2,2,1,1,1,2,0,9,4,1,0,1,2,1,2,2,9,3,24,18,18,Moderate,Severe,Moderate,3,High
40,2,1,1,1,1,3,2,1,1,2,1,2,12,3,0,0,2,2,2,0,0,6,3,1,1,2,1,2,2,1,10,3,24,12,20,Moderate,Moderate,Moderate,2,Moderate
60,1,1,1,5,0,3,2,3,3,0,3,3,17,5,1,0,0,3,1,0,3,8,4,0,1,3,1,3,3,3,14,5,34,16,28,Extremely Severe,Severe,Extremely Severe,4,High
58,1,1,1,5,0,3,2,3,3,1,3,3,18,5,0,0,0,0,0,2,0,2,1,0,1,1,1,1,1,1,6,2,36,4,12,Extremely Severe,Normal,Mild,4,High
19,2,0,5,4,0,3,2,2,2,0,1,1,11,3,0,0,0,2,0,0,1,3,1,0,1,0,1,0,1,1,4,1,22,6,8,Moderate,Normal,Normal,2,Moderate
20,2,0,4,4,0,3,2,0,1,1,1,2,10,3,1,0,1,1,1,1,1,6,3,3,0,1,1,1,0,0,6,2,20,12,12,Moderate,Moderate,Mild,2,Moderate
30,2,1,2,4,0,3,2,3,2,2,3,3,18,5,1,1,1,1,0,0,0,4,2,1,1,2,2,3,1,1,11,4,36,8,22,Extremely Severe,Mild,Severe,4,High
24,1,1,5,3,0,3,2,0,2,0,1,3,11,3,1,2,3,0,1,0,0,7,3,1,0,2,0,0,0,0,3,1,22,14,6,Moderate,Moderate,Normal,2,Moderate
52,1,1,2,3,0,3,2,2,2,3,3,3,18,5,0,0,0,0,0,1,2,3,1,1,1,1,1,0,1,0,5,2,36,6,10,Extremely Severe,Normal,Mild,4,High
26,1,1,5,2,0,3,2,2,2,3,3,2,17,5,0,0,0,1,0,0,0,1,1,2,2,3,2,2,3,3,17,5,34,2,34,Extremely Severe,Normal,Extremely Severe,4,High
27,2,1,4,2,0,3,2,2,2,2,3,2,16,4,1,0,0,2,2,2,2,9,4,1,1,2,2,2,2,2,12,4,32,18,24,Severe,Severe,Severe,3,High
40,1,1,4,2,0,3,2,3,3,3,2,2,18,5,0,0,0,0,1,1,1,3,1,1,1,2,2,2,1,0,9,3,36,6,18,Extremely Severe,Normal,Moderate,4,High
37,1,1,4,2,0,3,2,2,2,1,1,1,12,3,1,0,0,1,1,1,1,5,2,0,1,1,1,1,1,1,6,2,24,10,12,Moderate,Moderate,Mild,2,Moderate
37,1,1,4,2,0,3,2,3,3,1,0,1,13,4,1,0,0,0,1,1,0,3,1,0,1,1,0,2,0,2,6,2,26,6,12,Severe,Normal,Mild,3,High
32,1,1,4,2,0,3,2,1,1,2,2,3,14,4,0,2,2,2,2,0,0,8,4,1,2,1,3,2,1,1,11,4,28,16,22,Severe,Severe,Severe,3,High
41,1,1,3,2,0,3,2,1,1,1,2,2,12,3,2,2,1,1,1,2,0,9,4,1,0,1,2,1,2,2,9,3,24,18,18,Moderate,Severe,Moderate,3,High
41,1,1,3,2,0,3,2,1,1,2,1,2,12,3,0,0,2,2,2,0,0,6,3,1,1,2,1,2,2,1,10,3,24,12,20,Moderate,Moderate,Moderate,2,Moderate
50,1,1,1,2,0,3,2,0,0,0,3,3,11,3,1,0,0,0,0,2,1,4,2,0,0,0,0,0,0,0,0,1,22,8,0,Moderate,Mild,Normal,2,Moderate
26,2,1,4,1,0,3,2,1,0,1,2,0,9,2,1,2,0,0,1,2,0,6,3,1,2,3,1,3,1,3,14,5,18,12,28,Mild,Moderate,Extremely Severe,4,High
25,2,1,4,1,0,3,2,1,0,1,2,0,9,2,1,2,0,0,1,2,0,6,3,1,2,3,1,3,1,3,14,5,18,12,28,Mild,Moderate,Extremely Severe,4,High
30,2,1,2,1,0,3,2,2,2,3,3,3,18,5,0,0,0,2,2,2,0,6,3,0,0,0,0,2,2,2,6,2,36,12,12,Extremely Severe,Moderate,Mild,4,High
21,2,1,4,4,1,2,2,3,3,2,2,3,17,5,0,0,0,0,2,1,0,3,1,3,2,3,3,2,3,3,19,5,34,6,38,Extremely Severe,Normal,Extremely Severe,4,High
28,2,0,4,4,1,2,2,2,2,1,2,2,13,4,1,2,1,1,1,1,1,8,4,1,2,3,2,2,1,1,12,4,26,16,24,Severe,Severe,Severe,3,High
20,2,0,4,4,1,2,2,3,3,2,1,3,16,4,0,2,2,2,0,0,0,6,3,3,1,1,3,3,1,1,13,4,32,12,26,Severe,Moderate,Severe,3,High
20,2,0,4,4,1,2,2,1,3,3,2,3,16,4,0,0,0,0,3,0,0,3,1,1,3,3,3,3,3,3,19,5,32,6,38,Severe,Normal,Extremely Severe,4,High
19,1,0,2,4,1,2,2,2,0,1,2,1,10,3,1,0,0,2,1,1,0,5,2,2,2,2,0,0,0,0,6,2,20,10,12,Moderate,Moderate,Mild,2,Moderate
27,2,1,1,4,1,2,2,3,3,1,0,2,13,4,0,0,0,2,2,0,0,4,2,0,0,3,2,0,3,3,11,4,26,8,22,Severe,Mild,Severe,3,High
30,1,1,4,3,1,2,2,3,1,3,3,2,16,4,0,0,0,0,2,0,2,4,2,2,1,1,2,1,1,1,9,3,32,8,18,Severe,Mild,Moderate,3,High
32,1,1,2,3,1,2,2,1,1,2,2,0,10,3,0,0,0,0,2,0,0,2,1,0,1,0,2,0,0,0,3,1,20,4,6,Moderate,Normal,Normal,2,Moderate
44,1,1,5,2,1,2,2,0,2,1,2,0,9,2,0,1,2,2,1,1,0,7,3,1,3,3,2,1,0,0,10,3,18,14,20,Mild,Moderate,Moderate,2,Moderate
44,1,1,4,2,1,2,2,3,3,3,3,1,17,5,1,1,0,1,2,1,1,7,3,3,2,3,3,3,3,3,20,5,34,14,40,Extremely Severe,Moderate,Extremely Severe,4,High
34,1,1,4,2,1,2,2,2,2,0,3,2,13,4,0,0,0,0,0,0,0,0,1,1,2,1,3,2,1,3,13,4,26,0,26,Severe,Normal,Severe,3,High
27,1,1,4,2,1,2,2,1,3,2,3,3,16,4,0,0,1,0,0,0,0,1,1,3,3,3,3,3,3,3,21,5,32,2,42,Severe,Normal,Extremely Severe,4,High
26,1,1,4,2,1,2,2,3,2,1,2,1,13,4,0,1,1,0,1,0,0,3,1,1,2,2,2,3,1,1,12,4,26,6,24,Severe,Normal,Severe,3,High
23,1,0,4,2,1,2,2,3,2,1,1,2,13,4,1,1,1,1,1,1,1,7,3,3,3,3,3,2,3,3,20,5,26,14,40,Severe,Moderate,Extremely Severe,4,High
23,1,0,3,2,1,2,2,0,0,0,1,0,5,1,1,0,0,0,0,0,1,2,1,2,2,0,1,1,0,0,6,2,10,4,12,Normal,Normal,Mild,1,Low
22,2,1,5,1,1,2,2,3,1,1,2,3,14,4,0,2,0,0,0,0,0,2,1,2,3,1,3,1,3,1,14,5,28,4,28,Severe,Normal,Extremely Severe,4,High
29,2,1,4,1,1,2,2,3,0,0,3,0,10,3,0,0,1,0,0,0,0,1,1,0,0,0,1,1,0,0,2,1,20,2,4,Moderate,Normal,Normal,2,Moderate
28,2,1,4,1,1,2,2,3,3,1,1,2,14,4,0,2,0,2,2,0,2,8,4,3,3,3,1,1,1,1,13,4,28,16,26,Severe,Severe,Severe,3,High
26,2,1,4,1,1,2,2,2,2,1,1,3,13,4,0,0,1,2,1,1,1,6,3,0,0,0,0,0,0,0,0,1,26,12,0,Severe,Moderate,Normal,3,High
26,2,1,4,1,1,2,2,2,2,3,3,3,17,5,2,2,2,2,0,0,0,8,4,1,2,2,2,2,2,3,14,5,34,16,28,Extremely Severe,Severe,Extremely Severe,4,High
23,2,1,4,1,1,2,2,2,1,1,1,1,10,3,0,0,0,0,1,0,0,1,1,1,1,1,1,1,2,2,9,3,20,2,18,Moderate,Normal,Moderate,2,Moderate
21,2,1,4,1,1,2,2,2,2,1,1,1,11,3,0,1,0,2,0,0,0,3,1,2,2,1,1,1,2,2,11,4,22,6,22,Moderate,Normal,Severe,3,High
21,2,1,4,1,1,2,2,2,1,1,3,1,12,3,0,0,0,0,0,0,0,0,1,2,1,2,1,2,2,2,12,4,24,0,24,Moderate,Normal,Severe,3,High
21,2,1,4,1,1,2,2,2,2,2,1,1,12,3,0,0,0,1,1,1,1,4,2,3,2,2,2,2,2,1,14,5,24,8,28,Moderate,Mild,Extremely Severe,4,High
19,2,0,4,1,1,2,2,3,3,3,2,2,17,5,2,2,1,1,1,1,1,9,4,2,2,2,2,1,1,1,11,4,34,18,22,Extremely Severe,Severe,Severe,4,High
28,2,1,3,1,1,2,2,1,1,1,1,1,9,2,0,0,0,0,0,1,1,2,1,0,0,0,0,0,0,0,0,1,18,4,0,Mild,Normal,Normal,1,Low
21,2,1,3,1,1,2,2,3,3,2,3,3,18,5,0,0,2,3,1,1,2,9,4,0,2,3,2,0,3,3,13,4,36,18,26,Extremely Severe,Severe,Severe,4,High
20,2,1,3,1,1,2,2,1,1,2,1,1,10,3,1,1,1,1,1,1,1,7,3,1,1,1,1,1,1,1,7,3,20,14,14,Moderate,Moderate,Moderate,2,Moderate
32,2,1,2,1,1,2,2,1,2,1,3,3,14,4,0,0,2,2,0,2,2,8,4,2,2,1,2,1,2,1,11,4,28,16,22,Severe,Severe,Severe,3,High
31,2,1,2,1,1,2,2,1,1,1,2,2,11,3,2,2,2,1,1,1,1,10,5,3,1,1,1,1,2,2,11,4,22,20,22,Moderate,Extremely Severe,Severe,4,High
30,1,1,2,1,1,2,2,1,1,1,1,1,9,2,0,0,0,0,0,0,3,3,1,1,1,1,1,0,0,0,4,1,18,6,8,Mild,Normal,Normal,1,Low
43,2,1,1,1,1,2,2,3,2,0,0,1,10,3,0,0,0,0,0,0,2,2,1,0,0,0,1,1,1,1,4,1,20,4,8,Moderate,Normal,Normal,2,Moderate
62,1,1,2,5,0,2,2,2,2,3,3,2,16,4,1,0,0,2,2,2,2,9,4,2,1,2,2,2,2,1,12,4,32,18,24,Severe,Severe,Severe,3,High
64,1,1,1,5,0,2,2,2,0,1,2,1,10,3,1,0,0,2,1,1,0,5,2,0,0,0,2,2,2,0,6,2,20,10,12,Moderate,Moderate,Mild,2,Moderate
51,1,1,1,5,0,2,2,3,3,2,3,3,18,5,1,0,1,0,1,0,1,4,2,0,0,0,1,1,1,0,3,1,36,8,6,Extremely Severe,Mild,Normal,4,High
19,2,0,5,4,0,2,2,1,2,2,0,2,11,3,1,0,2,0,0,2,2,7,3,1,0,1,1,1,1,1,6,2,22,14,12,Moderate,Moderate,Mild,2,Moderate
43,1,1,4,4,0,2,2,3,3,2,2,3,17,5,0,0,0,1,2,0,0,3,1,3,2,3,3,2,3,3,19,5,34,6,38,Extremely Severe,Normal,Extremely Severe,4,High
26,2,0,4,4,0,2,2,2,2,2,2,2,14,4,0,0,0,1,1,0,1,3,1,0,1,1,3,0,3,3,11,4,28,6,22,Severe,Normal,Severe,3,High
22,2,0,4,4,0,2,2,3,1,1,1,1,11,3,2,0,3,1,1,2,1,10,5,1,1,3,1,1,1,1,9,3,22,20,18,Moderate,Extremely Severe,Moderate,4,High
21,2,0,4,4,0,2,2,2,2,1,0,2,11,3,2,0,0,2,1,0,1,6,3,0,1,0,1,0,0,0,2,1,22,12,4,Moderate,Moderate,Normal,2,Moderate
21,2,0,4,4,0,2,2,1,1,2,2,0,10,3,0,0,2,2,2,0,2,8,4,0,1,0,2,0,0,0,3,1,20,16,6,Moderate,Severe,Normal,3,High
21,2,0,4,4,0,2,2,3,1,3,3,2,16,4,1,0,0,1,0,0,0,2,1,2,1,1,2,1,1,1,9,3,32,4,18,Severe,Normal,Moderate,3,High
19,2,0,4,4,0,2,2,3,2,2,1,3,15,4,0,0,0,0,0,0,0,0,1,1,1,1,1,1,0,1,6,2,30,0,12,Severe,Normal,Mild,3,High
18,2,0,4,4,0,2,2,3,2,3,3,3,18,5,0,1,1,1,0,1,0,4,2,0,0,1,1,1,1,0,4,1,36,8,8,Extremely Severe,Mild,Normal,4,High
17,2,0,4,4,0,2,2,3,3,2,3,3,18,5,2,0,2,0,2,0,2,8,4,3,2,0,3,0,1,2,11,4,36,16,22,Extremely Severe,Severe,Severe,4,High
22,2,1,3,4,0,2,2,3,2,2,1,2,14,4,0,0,1,0,1,1,0,3,1,2,2,1,2,1,1,1,10,3,28,6,20,Severe,Normal,Moderate,3,High
24,1,1,3,4,0,2,2,3,3,2,1,3,16,4,2,2,0,2,2,0,0,8,4,3,1,1,3,3,1,1,13,4,32,16,26,Severe,Severe,Severe,3,High
38,2,1,2,4,0,2,2,1,3,3,2,3,16,4,0,0,0,0,0,1,0,1,1,1,3,3,3,3,3,3,19,5,32,2,38,Severe,Normal,Extremely Severe,4,High
26,2,1,2,4,0,2,2,3,3,2,3,3,18,5,1,1,1,1,0,0,0,4,2,1,3,3,3,3,3,3,19,5,36,8,38,Extremely Severe,Mild,Extremely Severe,4,High
35,1,1,5,3,0,2,2,1,3,2,3,3,16,4,1,1,1,1,0,0,0,4,2,3,3,3,3,3,3,3,21,5,32,8,42,Severe,Mild,Extremely Severe,4,High
32,1,1,4,3,0,2,2,3,3,3,3,1,17,5,1,1,0,1,2,1,1,7,3,3,2,3,3,3,3,3,20,5,34,14,40,Extremely Severe,Moderate,Extremely Severe,4,High
44,2,1,3,3,0,2,2,2,2,3,3,3,17,5,3,0,0,0,2,2,2,9,4,2,2,1,2,2,2,2,13,4,34,18,26,Extremely Severe,Severe,Severe,4,High
48,1,1,3,3,0,2,2,2,2,3,3,3,17,5,2,0,0,0,2,2,2,8,4,0,0,0,2,2,0,0,4,1,34,16,8,Extremely Severe,Severe,Normal,4,High
35,1,1,3,3,0,2,2,3,3,3,2,3,18,5,0,0,2,0,2,0,0,4,2,1,1,1,2,1,1,2,9,3,36,8,18,Extremely Severe,Mild,Moderate,4,High
30,1,1,3,3,0,2,2,1,2,2,2,3,14,4,2,2,0,0,0,0,0,4,2,1,1,1,1,1,0,0,5,2,28,8,10,Severe,Mild,Mild,3,High
57,1,1,2,3,0,2,2,2,2,1,3,1,13,4,1,0,0,2,1,2,2,8,4,3,1,2,2,2,2,2,14,5,26,16,28,Severe,Severe,Extremely Severe,4,High
48,1,1,2,3,0,2,2,1,3,1,1,2,12,3,2,1,0,2,0,2,0,7,3,2,1,1,2,1,2,1,10,3,24,14,20,Moderate,Moderate,Moderate,2,Moderate
42,1,1,1,3,0,2,2,0,0,0,1,0,5,1,1,0,0,0,0,0,1,2,1,2,2,0,1,1,0,0,6,2,10,4,12,Normal,Normal,Mild,1,Low
28,2,1,5,2,0,2,2,2,1,1,1,1,10,3,0,0,0,0,0,2,2,4,2,1,1,1,1,1,2,2,9,3,20,8,18,Moderate,Mild,Moderate,2,Moderate
38,1,1,5,2,0,2,2,2,2,1,1,1,11,3,0,0,0,0,2,0,0,2,1,2,2,1,1,1,2,2,11,4,22,4,22,Moderate,Normal,Severe,3,High
37,1,1,5,2,0,2,2,2,2,2,1,1,12,3,0,0,1,1,1,0,1,4,2,3,2,2,2,2,2,1,14,5,24,8,28,Moderate,Mild,Extremely Severe,4,High
35,1,1,5,2,0,2,2,2,1,1,3,1,12,3,0,0,0,0,2,2,2,6,3,2,1,2,1,2,2,2,12,4,24,12,24,Moderate,Moderate,Severe,3,High
30,1,1,5,2,0,2,2,1,1,1,1,1,9,2,0,0,0,0,0,1,1,2,1,0,0,0,0,0,0,0,0,1,18,4,0,Mild,Normal,Normal,1,Low
28,1,0,5,2,0,2,2,3,3,3,2,2,17,5,2,2,1,1,1,1,1,9,4,2,2,2,2,1,1,1,11,4,34,18,22,Extremely Severe,Severe,Severe,4,High
25,2,1,4,2,0,2,2,1,1,2,1,1,10,3,1,1,1,1,1,1,1,7,3,1,1,1,1,1,1,1,7,3,20,14,14,Moderate,Moderate,Moderate,2,Moderate
25,2,1,4,2,0,2,2,3,3,2,3,3,18,5,0,0,2,3,1,1,2,9,4,0,2,3,2,0,3,3,13,4,36,18,26,Extremely Severe,Severe,Severe,4,High
43,1,1,4,2,0,2,2,1,2,1,3,3,14,4,0,0,2,2,2,0,0,6,3,2,2,1,2,1,2,1,11,4,28,12,22,Severe,Moderate,Severe,3,High
40,1,1,4,2,0,2,2,1,1,1,2,2,11,3,2,2,2,1,1,1,1,10,5,3,1,1,1,1,2,2,11,4,22,20,22,Moderate,Extremely Severe,Severe,4,High
25,1,1,4,2,0,2,2,2,2,1,2,3,14,4,1,1,1,1,2,2,2,10,5,2,1,1,1,2,2,0,9,3,28,20,18,Severe,Extremely Severe,Moderate,4,High
41,1,1,3,2,0,2,2,3,2,0,0,1,10,3,0,0,0,2,2,2,0,6,3,0,2,2,2,0,0,0,6,2,20,12,12,Moderate,Moderate,Mild,2,Moderate
36,1,1,3,2,0,2,2,0,2,1,2,0,9,2,0,1,2,2,1,1,0,7,3,1,3,3,2,1,0,0,10,3,18,14,20,Mild,Moderate,Moderate,2,Moderate
37,1,1,2,2,0,2,2,3,2,1,2,2,14,4,0,0,1,0,1,1,1,4,2,0,0,1,1,1,1,0,4,1,28,8,8,Severe,Mild,Normal,3,High
21,2,1,5,1,0,2,2,0,1,1,1,1,8,2,0,0,0,0,0,1,1,2,1,0,1,0,0,1,0,0,2,1,16,4,4,Mild,Normal,Normal,1,Low
40,2,1,4,1,0,2,2,2,2,2,2,1,13,4,1,1,1,1,2,2,1,9,4,2,1,0,0,0,0,0,3,1,26,18,6,Severe,Severe,Normal,3,High
29,2,1,3,1,0,2,2,1,2,3,1,2,13,4,0,2,0,2,0,0,2,6,3,1,2,3,1,2,1,2,12,4,26,12,24,Severe,Moderate,Severe,3,High
28,2,1,3,1,0,2,2,2,2,3,3,0,14,4,1,1,1,1,1,1,1,7,3,3,3,3,3,3,3,2,20,5,28,14,40,Severe,Moderate,Extremely Severe,4,High
20,2,1,3,1,0,2,2,1,1,1,1,1,9,2,0,0,2,2,2,2,0,8,4,1,2,2,2,2,1,1,11,4,18,16,22,Mild,Severe,Severe,3,High
18,2,1,3,1,0,2,2,2,2,3,3,3,17,5,2,0,0,0,2,2,2,8,4,0,0,2,0,2,0,0,4,1,34,16,8,Extremely Severe,Severe,Normal,4,High
72,2,1,2,1,0,2,2,3,2,1,2,0,12,3,1,0,0,0,0,1,1,3,1,0,1,0,3,1,0,1,6,2,24,6,12,Moderate,Normal,Mild,2,Moderate
49,2,1,2,1,0,2,2,2,2,3,3,0,14,4,0,2,0,0,2,0,1,5,2,3,3,3,3,3,3,2,20,5,28,10,40,Severe,Moderate,Extremely Severe,4,High
40,2,1,2,1,0,2,2,2,2,3,3,3,17,5,3,0,0,0,2,2,2,9,4,2,2,1,2,2,2,2,13,4,34,18,26,Extremely Severe,Severe,Severe,4,High
35,2,1,2,1,0,2,2,2,2,1,3,1,13,4,1,0,0,2,1,2,2,8,4,3,1,2,2,2,2,2,14,5,26,16,28,Severe,Severe,Extremely Severe,4,High
32,2,1,2,1,0,2,2,1,3,1,1,2,12,3,2,1,0,2,0,2,0,7,3,2,1,1,2,1,2,1,10,3,24,14,20,Moderate,Moderate,Moderate,2,Moderate
69,2,1,1,1,0,2,2,3,0,0,3,0,10,3,0,0,1,0,0,0,0,1,1,0,0,0,1,1,0,0,2,1,20,2,4,Moderate,Normal,Normal,2,Moderate
62,2,1,1,1,0,2,2,3,3,1,1,2,14,4,2,0,0,0,0,0,0,2,1,3,3,3,1,1,1,1,13,4,28,4,26,Severe,Normal,Severe,3,High
54,2,1,1,1,0,2,2,2,2,1,1,3,13,4,0,0,1,2,1,1,1,6,3,0,0,0,0,0,0,0,0,1,26,12,0,Severe,Moderate,Normal,3,High
50,2,1,1,1,0,2,2,3,1,1,2,3,14,4,2,0,0,0,0,0,0,2,1,2,3,1,3,1,3,1,14,5,28,4,28,Severe,Normal,Extremely Severe,4,High
38,2,1,1,1,0,2,2,2,2,3,3,3,17,5,0,2,2,2,0,0,0,6,3,1,2,2,2,2,2,3,14,5,34,12,28,Extremely Severe,Moderate,Extremely Severe,4,High
23,2,0,5,4,1,1,2,1,1,1,1,1,8,2,2,1,3,1,2,0,0,9,4,3,0,0,0,0,0,0,3,1,16,18,6,Mild,Severe,Normal,3,High
21,2,0,5,4,1,1,2,1,1,1,3,1,10,3,1,1,1,1,1,1,1,7,3,0,1,0,1,1,1,1,5,2,20,14,10,Moderate,Moderate,Mild,2,Moderate
21,2,0,5,4,1,1,2,1,1,1,1,1,8,2,0,2,3,0,0,0,0,5,2,0,0,2,2,2,0,0,6,2,16,10,12,Mild,Moderate,Mild,2,Moderate
21,2,1,4,4,1,1,2,2,2,1,0,0,8,2,1,0,1,1,1,1,0,5,2,0,0,3,3,1,3,3,13,4,16,10,26,Mild,Moderate,Severe,3,High
21,2,0,4,4,1,1,2,1,1,1,1,1,8,2,3,2,0,1,1,0,1,8,4,0,0,0,2,1,1,1,5,2,16,16,10,Mild,Severe,Mild,3,High
21,2,0,4,4,1,1,2,1,1,1,1,1,8,2,0,0,0,0,0,0,2,2,1,2,1,3,3,3,3,3,18,5,16,4,36,Mild,Normal,Extremely Severe,4,High
16,2,0,3,4,1,1,2,1,1,2,2,3,12,3,0,0,0,3,2,0,2,7,3,0,3,3,2,3,3,3,17,5,24,14,34,Moderate,Moderate,Extremely Severe,4,High
32,2,1,2,4,1,1,2,1,1,1,1,1,8,2,0,0,0,0,2,0,0,2,1,3,1,1,3,3,3,3,17,5,16,4,34,Mild,Normal,Extremely Severe,4,High
33,1,1,5,3,1,1,2,1,1,0,1,0,6,1,1,0,0,1,0,1,0,3,1,0,1,0,0,1,0,0,2,1,12,6,4,Normal,Normal,Normal,0,Low
25,1,1,5,3,1,1,2,1,3,2,3,1,13,4,1,1,0,1,0,2,0,5,2,1,0,0,1,0,0,1,3,1,26,10,6,Severe,Moderate,Normal,3,High
20,2,1,4,3,1,1,2,1,2,1,2,2,11,3,1,0,0,3,1,3,2,10,5,0,0,0,0,0,0,1,1,1,22,20,2,Moderate,Extremely Severe,Normal,4,High
35,1,1,4,3,1,1,2,1,1,0,2,3,10,3,2,0,0,1,1,1,0,5,2,3,0,2,3,3,2,1,14,5,20,10,28,Moderate,Moderate,Extremely Severe,4,High
33,1,1,4,3,1,1,2,2,1,1,1,2,10,3,0,0,0,0,0,0,0,0,1,2,1,1,1,1,1,1,8,3,20,0,16,Moderate,Normal,Moderate,2,Moderate
32,2,1,5,2,1,1,2,1,0,0,1,2,7,1,0,0,0,1,1,1,0,3,1,0,0,0,0,0,0,0,0,1,14,6,0,Normal,Normal,Normal,0,Low
32,2,1,5,2,1,1,2,1,2,1,2,1,10,3,2,1,1,2,1,2,1,10,5,2,1,1,2,1,1,2,10,3,20,20,20,Moderate,Extremely Severe,Moderate,4,High
30,2,1,5,2,1,1,2,0,1,2,2,1,9,2,0,0,3,0,3,3,0,9,4,2,1,1,2,3,3,2,14,5,18,18,28,Mild,Severe,Extremely Severe,4,High
29,2,1,5,2,1,1,2,2,2,1,1,1,10,3,2,0,0,0,2,2,2,8,4,3,2,1,2,1,2,0,11,4,20,16,22,Moderate,Severe,Severe,3,High
50,1,1,5,2,1,1,2,1,1,2,2,1,10,3,0,0,0,0,0,0,0,0,1,1,2,1,1,1,2,1,9,3,20,0,18,Moderate,Normal,Moderate,2,Moderate
45,1,1,5,2,1,1,2,1,1,1,2,2,10,3,1,1,1,2,0,1,1,7,3,2,1,2,1,1,0,0,7,3,20,14,14,Moderate,Moderate,Moderate,2,Moderate
44,1,1,5,2,1,1,2,3,1,2,2,2,13,4,1,2,0,2,0,0,2,7,3,0,2,2,0,0,1,1,6,2,26,14,12,Severe,Moderate,Mild,3,High
37,1,1,5,2,1,1,2,1,1,2,2,1,10,3,1,2,0,0,0,0,0,3,1,1,1,1,2,1,0,1,7,3,20,6,14,Moderate,Normal,Moderate,2,Moderate
28,1,1,5,2,1,1,2,1,2,1,3,3,13,4,1,1,0,3,1,2,1,9,4,1,2,1,2,3,2,3,14,5,26,18,28,Severe,Severe,Extremely Severe,4,High
25,1,1,5,2,1,1,2,3,1,0,1,3,11,3,1,1,1,1,0,1,1,6,3,3,1,0,1,2,1,1,9,3,22,12,18,Moderate,Moderate,Moderate,2,Moderate
40,1,1,4,2,1,1,2,0,2,1,3,3,12,3,1,1,1,1,1,1,1,7,3,0,1,0,1,2,1,0,5,2,24,14,10,Moderate,Moderate,Mild,2,Moderate
40,1,1,4,2,1,1,2,0,3,1,1,2,10,3,2,0,0,3,1,0,0,6,3,1,1,2,2,3,3,2,14,5,20,12,28,Moderate,Moderate,Extremely Severe,4,High
38,1,1,4,2,1,1,2,1,2,1,3,3,13,4,2,1,0,1,2,1,1,8,4,0,1,0,1,1,0,0,3,1,26,16,6,Severe,Severe,Normal,3,High
36,1,1,4,2,1,1,2,1,1,1,3,1,10,3,1,1,1,0,0,1,2,6,3,1,0,0,1,1,0,1,4,1,20,12,8,Moderate,Moderate,Normal,2,Moderate
33,1,1,4,2,1,1,2,0,1,0,3,1,8,2,1,0,3,3,0,0,0,7,3,0,2,0,0,0,0,0,2,1,16,14,4,Mild,Moderate,Normal,2,Moderate
31,1,1,4,2,1,1,2,1,1,1,2,1,9,2,1,1,0,2,0,1,1,6,3,3,2,2,0,1,1,2,11,4,18,12,22,Mild,Moderate,Severe,3,High
45,2,1,3,2,1,1,2,3,1,0,3,3,13,4,0,2,0,0,0,3,0,5,2,0,1,1,0,0,2,2,6,2,26,10,12,Severe,Moderate,Mild,3,High
27,1,0,3,2,1,1,2,1,1,1,2,3,11,3,1,0,0,1,1,1,0,4,2,0,2,1,1,2,1,1,8,3,22,8,16,Moderate,Mild,Moderate,2,Moderate
24,1,0,3,2,1,1,2,1,1,0,1,3,9,2,3,1,1,0,1,2,1,9,4,2,1,0,3,1,0,0,7,3,18,18,14,Mild,Severe,Moderate,3,High
62,1,1,1,2,1,1,2,1,2,1,3,3,13,4,2,1,0,1,2,1,1,8,4,0,1,0,1,1,0,0,3,1,26,16,6,Severe,Severe,Normal,3,High
30,2,1,5,1,1,1,2,2,1,0,0,2,8,2,2,0,0,0,2,2,2,8,4,1,3,3,1,1,2,0,11,4,16,16,22,Mild,Severe,Severe,3,High
21,2,1,5,1,1,1,2,2,3,1,2,0,11,3,0,0,0,3,3,3,0,9,4,1,2,1,3,1,2,1,11,4,22,18,22,Moderate,Severe,Severe,3,High
21,2,1,5,1,1,1,2,2,3,2,1,0,11,3,1,2,3,2,1,0,1,10,5,2,3,3,3,2,1,0,14,5,22,20,28,Moderate,Extremely Severe,Extremely Severe,4,High
26,1,1,5,1,1,1,2,1,1,1,1,1,8,2,0,0,3,3,3,0,0,9,4,1,0,0,2,3,3,3,12,4,16,18,24,Mild,Severe,Severe,3,High
45,2,1,4,1,1,1,2,0,0,1,1,1,6,1,0,1,0,2,0,2,3,8,4,0,2,3,3,2,2,0,12,4,12,16,24,Normal,Severe,Severe,3,High
40,2,1,4,1,1,1,2,0,1,0,3,2,9,2,0,0,0,3,3,3,0,9,4,0,0,0,1,1,1,1,4,1,18,18,8,Mild,Severe,Normal,3,High
35,2,1,4,1,1,1,2,0,3,1,2,0,9,2,3,0,2,1,2,0,2,10,5,1,2,1,2,1,2,1,10,3,18,20,20,Mild,Extremely Severe,Moderate,4,High
35,2,1,4,1,1,1,2,0,1,2,1,3,10,3,0,1,2,3,2,1,0,9,4,1,2,0,2,1,0,2,8,3,20,18,16,Moderate,Severe,Moderate,3,High
32,2,1,4,1,1,1,2,1,1,1,2,0,8,2,0,0,3,3,3,0,0,9,4,1,0,0,2,1,1,1,6,2,16,18,12,Mild,Severe,Mild,3,High
29,2,1,4,1,1,1,2,1,1,1,2,2,10,3,1,1,0,1,0,1,0,4,2,0,1,1,1,2,0,1,6,2,20,8,12,Moderate,Mild,Mild,2,Moderate
27,2,1,4,1,1,1,2,2,1,1,1,1,9,2,0,0,0,1,1,0,0,2,1,0,0,0,0,1,0,0,1,1,18,4,2,Mild,Normal,Normal,1,Low
26,2,1,4,1,1,1,2,1,1,2,3,1,11,3,2,1,0,1,0,3,1,8,4,0,2,1,0,1,0,2,6,2,22,16,12,Moderate,Severe,Mild,3,High
21,2,0,4,1,1,1,2,1,1,1,1,1,8,2,2,2,0,1,0,2,0,7,3,3,1,3,3,3,3,3,19,5,16,14,38,Mild,Moderate,Extremely Severe,4,High
20,2,0,4,1,1,1,2,2,2,1,1,1,10,3,1,1,1,1,1,1,1,7,3,1,1,2,2,3,3,1,13,4,20,14,26,Moderate,Moderate,Severe,3,High
20,2,0,4,1,1,1,2,1,1,1,1,1,8,2,1,1,1,1,1,1,1,7,3,1,2,2,3,3,3,3,17,5,16,14,34,Mild,Moderate,Extremely Severe,4,High
19,2,0,4,1,1,1,2,1,1,1,1,1,8,2,0,0,0,0,1,1,1,3,1,1,1,2,2,3,1,1,11,4,16,6,22,Mild,Normal,Severe,3,High
31,2,1,3,1,1,1,2,3,0,1,2,2,11,3,1,0,1,1,2,2,3,10,5,3,3,2,1,1,1,2,13,4,22,20,26,Moderate,Extremely Severe,Severe,4,High
26,2,1,3,1,1,1,2,0,1,1,2,2,9,2,0,3,2,0,0,0,0,5,2,2,1,1,2,0,0,3,9,3,18,10,18,Mild,Moderate,Moderate,2,Moderate
25,2,1,3,1,1,1,2,2,1,2,1,2,11,3,1,2,1,1,1,1,2,9,4,0,0,0,0,2,2,2,6,2,22,18,12,Moderate,Severe,Mild,3,High
22,2,1,3,1,1,1,2,2,1,1,1,1,9,2,0,0,0,1,1,1,0,3,1,0,0,0,0,0,0,0,0,1,18,6,0,Mild,Normal,Normal,1,Low
20,2,1,3,1,1,1,2,1,2,3,1,2,12,3,1,1,1,1,0,0,0,4,2,3,1,1,2,3,2,1,13,4,24,8,26,Moderate,Mild,Severe,3,High
18,2,1,3,1,1,1,2,3,3,2,1,2,14,4,0,2,2,2,2,0,0,8,4,0,1,2,1,2,3,0,9,3,28,16,18,Severe,Severe,Moderate,3,High
40,2,1,2,1,1,1,2,3,3,2,1,2,14,4,0,0,0,0,0,0,0,0,1,1,1,1,1,1,0,0,5,2,28,0,10,Severe,Normal,Mild,3,High
35,2,1,2,1,1,1,2,0,0,2,1,3,9,2,1,2,1,2,0,2,1,9,4,3,2,1,2,1,2,1,12,4,18,18,24,Mild,Severe,Severe,3,High
31,2,1,2,1,1,1,2,1,3,1,3,2,13,4,0,0,0,0,0,0,0,0,1,0,1,2,1,0,3,3,10,3,26,0,20,Severe,Normal,Moderate,3,High
21,2,1,2,1,1,1,2,1,1,1,1,1,8,2,1,2,1,2,2,1,1,10,5,0,0,0,2,1,1,1,5,2,16,20,10,Mild,Extremely Severe,Mild,4,High
21,2,1,2,1,1,1,2,2,3,1,2,3,14,4,0,0,0,2,2,2,0,6,3,2,1,2,3,1,3,1,13,4,28,12,26,Severe,Moderate,Severe,3,High
72,2,1,1,1,1,1,2,2,2,2,1,1,11,3,2,2,2,2,0,0,0,8,4,0,0,0,0,0,0,2,2,1,22,16,4,Moderate,Severe,Normal,3,High
70,2,1,1,1,1,1,2,1,2,2,1,2,11,3,0,1,1,0,1,0,1,4,2,2,2,2,0,0,0,0,6,2,22,8,12,Moderate,Mild,Mild,2,Moderate
67,2,1,1,1,1,1,2,1,1,2,2,1,10,3,1,0,1,1,0,1,1,5,2,2,2,1,1,2,2,1,11,4,20,10,22,Moderate,Moderate,Severe,3,High
60,2,1,1,1,1,1,2,1,0,0,1,0,5,1,0,0,0,0,0,1,0,1,1,0,0,0,0,0,0,0,0,1,10,2,0,Normal,Normal,Normal,0,Low
53,2,1,1,1,1,1,2,3,2,2,1,2,13,4,2,2,2,0,2,0,0,8,4,3,2,3,3,3,1,3,18,5,26,16,36,Severe,Severe,Extremely Severe,4,High
52,2,1,1,1,1,1,2,2,1,3,3,1,13,4,1,1,1,0,2,0,0,5,2,3,0,1,2,1,0,1,8,3,26,10,16,Severe,Moderate,Moderate,3,High
50,2,1,1,1,1,1,2,3,2,2,1,2,13,4,0,0,0,2,0,0,0,2,1,2,3,3,3,1,3,2,17,5,26,4,34,Severe,Normal,Extremely Severe,4,High
70,1,1,1,6,0,1,2,1,1,1,1,1,8,2,1,0,3,1,1,1,1,8,4,2,1,1,2,1,1,2,10,3,16,16,20,Mild,Severe,Moderate,3,High
66,1,1,1,6,0,1,2,1,1,1,1,1,8,2,1,0,1,1,1,1,1,6,3,0,0,1,2,0,1,1,5,2,16,12,10,Mild,Moderate,Mild,2,Moderate
60,1,1,2,5,0,1,2,3,1,2,1,2,12,3,0,1,1,0,1,1,0,4,2,1,3,1,2,2,1,3,13,4,24,8,26,Moderate,Mild,Severe,3,High
54,1,1,2,5,0,1,2,1,2,3,1,3,13,4,0,0,0,0,0,1,1,2,1,3,1,2,3,2,1,2,14,5,26,4,28,Severe,Normal,Extremely Severe,4,High
50,1,1,2,5,0,1,2,3,1,2,1,1,11,3,2,2,2,0,0,0,0,6,3,1,2,2,2,2,1,1,11,4,22,12,22,Moderate,Moderate,Severe,3,High
58,1,1,1,5,0,1,2,1,1,1,1,1,8,2,0,0,0,1,0,0,0,1,1,3,1,1,3,3,3,3,17,5,16,2,34,Mild,Normal,Extremely Severe,4,High
52,1,1,1,5,0,1,2,2,1,1,2,2,11,3,3,0,1,2,2,0,1,9,4,0,2,2,2,0,0,0,6,2,22,18,12,Moderate,Severe,Mild,3,High
37,1,1,5,4,0,1,2,1,1,0,1,0,6,1,1,0,0,1,0,1,0,3,1,0,1,0,0,1,0,0,2,1,12,6,4,Normal,Normal,Normal,0,Low
22,2,0,5,4,0,1,2,3,0,0,1,2,9,2,3,0,0,0,0,1,2,6,3,1,3,0,2,1,2,3,12,4,18,12,24,Mild,Moderate,Severe,3,High
21,2,0,5,4,0,1,2,1,1,1,0,1,7,1,0,0,0,1,0,0,0,1,1,1,0,1,0,0,1,0,3,1,14,2,6,Normal,Normal,Normal,0,Low
21,2,0,5,4,0,1,2,1,0,0,1,1,6,1,0,0,1,0,0,1,1,3,1,0,1,2,2,0,3,3,11,4,12,6,22,Normal,Normal,Severe,3,High
20,2,0,5,4,0,1,2,3,1,1,0,2,10,3,0,0,1,0,1,0,1,3,1,0,1,0,1,0,0,0,2,1,20,6,4,Moderate,Normal,Normal,2,Moderate
20,2,0,5,4,0,1,2,3,1,1,0,2,10,3,0,0,1,0,1,0,1,3,1,0,1,0,1,0,0,0,2,1,20,6,4,Moderate,Normal,Normal,2,Moderate
20,2,0,5,4,0,1,2,3,1,2,1,1,11,3,2,1,0,0,1,0,1,5,2,0,1,0,1,0,0,0,2,1,22,10,4,Moderate,Moderate,Normal,2,Moderate
20,2,0,5,4,0,1,2,1,2,1,1,2,10,3,1,1,1,2,2,1,2,10,5,2,2,1,1,1,2,3,12,4,20,20,24,Moderate,Extremely Severe,Severe,4,High
19,2,0,5,4,0,1,2,0,1,0,1,1,6,1,1,0,0,0,0,0,0,1,1,1,1,0,1,1,0,0,4,1,12,2,8,Normal,Normal,Normal,0,Low
22,2,1,4,4,0,1,2,1,2,1,2,2,11,3,1,0,0,3,1,3,2,10,5,0,1,1,1,1,1,1,6,2,22,20,12,Moderate,Extremely Severe,Mild,4,High
20,2,1,4,4,0,1,2,1,1,1,1,1,8,2,1,0,1,3,1,3,1,10,5,1,1,1,3,1,3,3,13,4,16,20,26,Mild,Extremely Severe,Severe,4,High
39,1,1,4,4,0,1,2,2,2,1,0,0,8,2,1,0,1,1,1,1,0,5,2,0,0,3,3,1,3,3,13,4,16,10,26,Mild,Moderate,Severe,3,High
32,2,0,4,4,0,1,2,1,1,1,1,1,8,2,0,2,1,3,0,2,2,10,5,1,3,2,3,2,3,3,17,5,16,20,34,Mild,Extremely Severe,Extremely Severe,4,High
24,2,0,4,4,0,1,2,1,1,1,1,1,8,2,0,2,0,0,1,0,0,3,1,1,3,1,2,2,1,1,11,4,16,6,22,Mild,Normal,Severe,3,High
24,2,0,4,4,0,1,2,3,1,1,3,3,14,4,1,1,1,2,1,0,1,7,3,1,2,3,3,2,3,3,17,5,28,14,34,Severe,Moderate,Extremely Severe,4,High
23,2,0,4,4,0,1,2,1,1,0,2,3,10,3,2,0,0,1,1,1,0,5,2,3,0,2,3,3,2,1,14,5,20,10,28,Moderate,Moderate,Extremely Severe,4,High
22,2,0,4,4,0,1,2,2,1,1,1,2,10,3,0,0,2,2,2,0,2,8,4,2,1,1,1,1,1,1,8,3,20,16,16,Moderate,Severe,Moderate,3,High
20,2,0,4,4,0,1,2,1,1,1,1,1,8,2,0,0,0,2,0,0,0,2,1,1,2,3,3,1,0,0,10,3,16,4,20,Mild,Normal,Moderate,2,Moderate
25,1,0,4,4,0,1,2,1,1,1,1,1,8,2,0,0,0,0,0,3,3,6,3,1,1,2,2,1,3,3,13,4,16,12,26,Mild,Moderate,Severe,3,High
16,2,1,3,4,0,1,2,1,1,1,1,1,8,2,1,2,1,1,1,2,2,10,5,2,1,0,2,1,2,1,9,3,16,20,18,Mild,Extremely Severe,Moderate,4,High
16,2,0,3,4,0,1,2,3,1,0,2,2,11,3,0,0,0,3,1,0,2,6,3,2,2,1,2,2,2,2,13,4,22,12,26,Moderate,Moderate,Severe,3,High
16,2,0,3,4,0,1,2,1,2,0,1,2,9,2,0,0,0,3,0,2,2,7,3,0,3,3,2,3,3,3,17,5,18,14,34,Mild,Moderate,Extremely Severe,4,High
28,1,1,2,4,0,1,2,1,1,1,1,1,8,2,2,0,0,0,0,0,0,2,1,0,0,0,1,0,2,3,6,2,16,4,12,Mild,Normal,Mild,1,Low
44,1,1,1,4,0,1,2,1,1,1,1,1,8,2,1,0,1,1,1,1,0,5,2,1,1,0,1,2,2,1,8,3,16,10,16,Mild,Moderate,Moderate,2,Moderate
28,2,1,5,3,0,1,2,0,1,0,3,1,8,2,1,0,3,3,0,0,0,7,3,0,2,0,0,0,0,0,2,1,16,14,4,Mild,Moderate,Normal,2,Moderate
32,1,1,5,3,0,1,2,0,3,1,1,2,10,3,2,0,0,3,1,0,0,6,3,1,1,2,2,3,3,2,14,5,20,12,28,Moderate,Moderate,Extremely Severe,4,High
52,2,1,4,3,0,1,2,1,2,1,2,3,12,3,0,2,2,0,0,0,0,4,2,1,2,2,2,2,1,1,11,4,24,8,22,Moderate,Mild,Severe,3,High
22,2,1,4,3,0,1,2,1,1,1,2,1,9,2,1,1,0,2,0,1,1,6,3,3,2,2,0,1,1,2,11,4,18,12,22,Mild,Moderate,Severe,3,High
53,1,1,4,3,0,1,2,1,0,1,0,2,7,1,1,1,2,0,1,2,0,7,3,1,1,2,1,2,1,1,9,3,14,14,18,Normal,Moderate,Moderate,2,Moderate
33,1,1,4,3,0,1,2,3,3,3,3,3,18,5,0,0,0,0,0,2,0,2,1,1,0,3,1,0,0,0,5,2,36,4,10,Extremely Severe,Normal,Mild,4,High
56,1,1,3,3,0,1,2,0,3,1,2,3,12,3,0,0,0,1,1,1,1,4,2,3,1,2,3,1,2,0,12,4,24,8,24,Moderate,Mild,Severe,3,High
56,1,1,3,3,0,1,2,1,1,1,1,1,8,2,2,0,0,0,0,0,0,2,1,3,3,3,3,3,3,3,21,5,16,4,42,Mild,Normal,Extremely Severe,4,High
50,1,1,3,3,0,1,2,0,2,0,1,3,9,2,2,1,2,0,1,2,0,8,4,3,1,0,2,0,1,2,9,3,18,16,18,Mild,Severe,Moderate,3,High
45,1,1,3,3,0,1,2,0,1,2,3,2,11,3,1,0,1,2,3,2,1,10,5,0,1,2,3,2,1,0,9,3,22,20,18,Moderate,Extremely Severe,Moderate,4,High
34,1,1,3,3,0,1,2,1,1,1,2,3,11,3,1,0,0,1,1,1,0,4,2,0,2,1,1,2,1,1,8,3,22,8,16,Moderate,Mild,Moderate,2,Moderate
27,1,1,3,3,0,1,2,1,1,0,1,3,9,2,3,1,1,0,1,2,1,9,4,0,1,0,3,1,0,0,5,2,18,18,10,Mild,Severe,Mild,3,High
50,1,1,2,3,0,1,2,2,3,1,2,3,14,4,0,0,0,0,0,0,0,0,1,1,0,2,1,3,2,2,11,4,28,0,22,Severe,Normal,Severe,3,High
40,1,1,5,2,0,1,2,3,0,1,2,2,11,3,1,0,1,1,2,2,3,10,5,3,3,2,1,1,1,2,13,4,22,20,26,Moderate,Extremely Severe,Severe,4,High
28,1,0,5,2,0,1,2,2,2,1,1,1,10,3,1,1,1,1,1,1,1,7,3,1,1,2,2,3,3,1,13,4,20,14,26,Moderate,Moderate,Severe,3,High
30,2,1,4,2,0,1,2,0,1,1,2,2,9,2,0,0,0,2,2,0,0,4,2,2,1,1,2,0,0,3,9,3,18,8,18,Mild,Mild,Moderate,2,Moderate
30,2,1,4,2,0,1,2,2,1,2,1,2,11,3,1,2,1,1,1,1,2,9,4,3,0,0,3,0,0,0,6,2,22,18,12,Moderate,Severe,Mild,3,High
25,2,1,4,2,0,1,2,1,2,3,1,2,12,3,0,1,1,0,1,1,0,4,2,3,1,1,2,3,2,1,13,4,24,8,26,Moderate,Mild,Severe,3,High
20,2,1,4,2,0,1,2,3,3,2,1,2,14,4,0,0,2,0,2,2,2,8,4,0,1,2,1,2,0,0,6,2,28,16,12,Severe,Severe,Mild,3,High
54,1,1,4,2,0,1,2,0,0,2,1,3,9,2,1,2,1,2,0,2,1,9,4,3,2,1,2,1,2,1,12,4,18,18,24,Mild,Severe,Severe,3,High
40,1,1,4,2,0,1,2,1,3,1,3,2,13,4,0,0,0,0,0,0,0,0,1,0,1,2,1,0,3,3,10,3,26,0,20,Severe,Normal,Moderate,3,High
38,1,1,4,2,0,1,2,1,1,2,2,1,10,3,1,0,1,1,0,1,1,5,2,2,2,1,1,2,2,1,11,4,20,10,22,Moderate,Moderate,Severe,3,High
35,1,1,4,2,0,1,2,1,0,0,1,0,5,1,0,0,0,0,0,1,0,1,1,0,0,0,0,0,0,0,0,1,10,2,0,Normal,Normal,Normal,0,Low
35,1,1,4,2,0,1,2,2,3,1,2,3,14,4,0,0,0,0,0,0,0,0,1,2,1,2,3,1,3,1,13,4,28,0,26,Severe,Normal,Severe,3,High
34,1,1,4,2,0,1,2,2,2,2,1,1,11,3,0,1,1,1,1,1,0,5,2,0,1,0,1,1,1,0,4,1,22,10,8,Moderate,Moderate,Normal,2,Moderate
28,1,1,4,2,0,1,2,1,2,2,1,2,11,3,0,0,0,0,0,0,0,0,1,0,1,1,1,1,1,0,5,2,22,0,10,Moderate,Normal,Mild,2,Moderate
25,1,1,4,2,0,1,2,2,1,1,1,1,9,2,0,0,0,1,1,1,0,3,1,0,0,0,0,0,0,0,0,1,18,6,0,Mild,Normal,Normal,1,Low
25,1,1,4,2,0,1,2,3,2,2,1,2,13,4,0,0,0,0,0,2,0,2,1,3,2,3,3,3,1,3,18,5,26,4,36,Severe,Normal,Extremely Severe,4,High
21,2,0,4,2,0,1,2,3,3,2,1,2,14,4,1,1,1,0,0,0,0,3,1,0,0,1,1,1,1,1,5,2,28,6,10,Severe,Normal,Mild,3,High
26,1,0,4,2,0,1,2,2,1,3,3,1,13,4,1,1,1,0,2,0,0,5,2,3,0,1,2,1,0,1,8,3,26,10,16,Severe,Moderate,Moderate,3,High
26,2,1,3,2,0,1,2,3,2,2,1,2,13,4,2,2,0,2,2,2,0,10,5,2,3,3,3,1,3,2,17,5,26,20,34,Severe,Extremely Severe,Extremely Severe,4,High
46,1,1,3,2,0,1,2,1,1,2,2,1,10,3,0,0,2,2,2,0,0,6,3,1,2,1,1,1,2,1,9,3,20,12,18,Moderate,Moderate,Moderate,2,Moderate
46,1,1,3,2,0,1,2,2,2,1,1,1,10,3,2,2,2,2,0,0,2,10,5,3,2,1,2,1,2,0,11,4,20,20,22,Moderate,Extremely Severe,Severe,4,High
24,1,0,3,2,0,1,2,1,0,0,1,2,7,1,0,0,0,1,1,1,0,3,1,0,0,0,0,0,0,0,0,1,14,6,0,Normal,Normal,Normal,0,Low
23,1,0,3,2,0,1,2,1,2,1,2,1,10,3,2,1,1,2,1,2,1,10,5,2,1,1,2,1,1,2,10,3,20,20,20,Moderate,Extremely Severe,Moderate,4,High
22,1,0,3,2,0,1,2,0,1,2,2,1,9,2,0,0,0,3,3,0,0,6,3,2,1,1,2,3,3,2,14,5,18,12,28,Mild,Moderate,Extremely Severe,4,High
35,2,1,2,2,0,1,2,3,1,0,1,3,11,3,1,1,1,1,0,1,1,6,3,3,1,0,1,2,1,1,9,3,22,12,18,Moderate,Moderate,Moderate,2,Moderate
34,2,1,2,2,0,1,2,1,1,2,2,1,10,3,1,2,0,0,0,0,0,3,1,1,1,1,2,1,0,1,7,3,20,6,14,Moderate,Normal,Moderate,2,Moderate
52,1,1,2,2,0,1,2,1,0,0,1,0,5,1,0,0,0,0,0,1,0,1,1,0,0,0,0,0,0,0,0,1,10,2,0,Normal,Normal,Normal,0,Low
52,1,1,2,2,0,1,2,1,2,1,2,1,10,3,0,0,0,0,0,0,0,0,1,2,3,1,2,1,1,1,11,4,20,0,22,Moderate,Normal,Severe,3,High
45,1,1,2,2,0,1,2,2,1,1,1,1,9,2,0,0,0,1,1,1,0,3,1,0,0,0,0,1,0,0,1,1,18,6,2,Mild,Normal,Normal,1,Low
45,1,1,2,2,0,1,2,3,1,0,3,1,11,3,2,1,0,1,2,1,3,10,5,0,2,0,2,1,0,1,6,2,22,20,12,Moderate,Extremely Severe,Mild,4,High
23,1,0,2,2,0,1,2,1,1,1,2,2,10,3,1,1,1,2,0,1,1,7,3,2,1,2,1,1,0,0,7,3,20,14,14,Moderate,Moderate,Moderate,2,Moderate
29,2,1,1,2,0,1,2,1,1,1,3,1,10,3,1,1,1,0,0,1,2,6,3,1,0,0,1,1,0,1,4,1,20,12,8,Moderate,Moderate,Normal,2,Moderate
48,1,1,1,2,0,1,2,1,1,3,3,3,14,4,1,1,0,1,0,1,0,4,2,0,1,1,1,1,1,1,6,2,28,8,12,Severe,Mild,Mild,3,High
31,2,1,3,1,0,1,2,0,3,0,1,2,9,2,0,3,0,1,2,1,2,9,4,1,2,1,2,1,2,1,10,3,18,18,20,Mild,Severe,Moderate,3,High
28,2,1,3,1,0,1,2,1,1,1,1,1,8,2,0,2,2,0,0,0,0,4,2,2,2,1,1,1,2,3,12,4,16,8,24,Mild,Mild,Severe,3,High
24,2,1,3,1,0,1,2,2,1,1,1,1,9,2,0,0,0,1,1,1,0,3,1,0,0,0,0,1,0,0,1,1,18,6,2,Mild,Normal,Normal,1,Low
23,2,1,3,1,0,1,2,1,0,0,1,0,5,1,0,0,0,0,0,1,0,1,1,0,0,0,0,0,0,0,0,1,10,2,0,Normal,Normal,Normal,0,Low
23,2,1,3,1,0,1,2,1,1,1,1,1,8,2,1,0,1,1,2,2,1,8,4,0,1,1,2,2,1,1,8,3,16,16,16,Mild,Severe,Moderate,3,High
23,2,1,3,1,0,1,2,1,2,1,2,1,10,3,0,0,2,2,0,2,0,6,3,2,3,1,2,1,1,1,11,4,20,12,22,Moderate,Moderate,Severe,3,High
23,2,1,3,1,0,1,2,1,1,1,1,1,8,2,0,2,1,3,1,2,1,10,5,2,1,2,1,2,1,2,11,4,16,20,22,Mild,Extremely Severe,Severe,4,High
22,2,1,3,1,0,1,2,3,1,0,3,1,11,3,2,1,0,1,2,1,3,10,5,0,2,0,2,1,0,1,6,2,22,20,12,Moderate,Extremely Severe,Mild,4,High
21,2,1,3,1,0,1,2,1,0,1,0,2,7,1,1,1,2,0,1,2,0,7,3,1,1,2,1,2,1,1,9,3,14,14,18,Normal,Moderate,Moderate,2,Moderate
18,2,1,3,1,0,1,2,0,2,0,1,3,9,2,2,1,2,0,1,2,0,8,4,3,1,0,2,0,1,2,9,3,18,16,18,Mild,Severe,Moderate,3,High
18,2,1,3,1,0,1,2,0,1,2,3,2,11,3,1,0,1,2,3,2,1,10,5,0,1,2,0,2,1,0,6,2,22,20,12,Moderate,Extremely Severe,Mild,4,High
68,2,1,2,1,0,1,2,0,3,0,1,2,9,2,0,3,0,1,2,1,2,9,4,1,2,1,2,1,2,1,10,3,18,18,20,Mild,Severe,Moderate,3,High
46,2,1,2,1,0,1,2,2,1,1,2,3,12,3,2,1,1,1,1,2,0,8,4,1,0,1,1,1,1,1,6,2,24,16,12,Moderate,Severe,Mild,3,High
45,2,1,2,1,0,1,2,2,1,2,3,1,12,3,0,2,0,2,2,0,0,6,3,2,2,1,1,1,2,3,12,4,24,12,24,Moderate,Moderate,Severe,3,High
30,2,1,2,1,0,1,2,2,3,1,2,3,14,4,1,0,0,1,1,1,1,5,2,1,0,2,1,3,2,2,11,4,28,10,22,Severe,Moderate,Severe,3,High
28,2,1,2,1,0,1,2,1,1,1,1,1,8,2,1,0,0,2,2,2,2,9,4,2,1,2,2,2,2,1,12,4,16,18,24,Mild,Severe,Severe,3,High
28,2,1,2,1,0,1,2,1,2,3,1,3,13,4,0,0,1,0,1,1,1,4,2,3,1,2,3,2,1,2,14,5,26,8,28,Severe,Mild,Extremely Severe,4,High
27,2,1,2,1,0,1,2,3,1,2,1,1,11,3,0,2,0,0,0,0,0,2,1,1,2,2,2,2,1,1,11,4,22,4,22,Moderate,Normal,Severe,3,High
25,2,1,2,1,0,1,2,3,1,2,1,2,12,3,1,1,1,0,1,0,0,4,2,1,3,1,2,2,1,3,13,4,24,8,26,Moderate,Mild,Severe,3,High
20,2,1,2,1,0,1,2,2,1,0,0,2,8,2,2,2,2,2,0,0,0,8,4,1,3,3,1,1,2,0,11,4,16,16,22,Mild,Severe,Severe,3,High
72,2,1,1,1,0,1,2,1,1,1,2,2,10,3,1,1,0,1,0,1,0,4,2,0,1,1,1,2,0,1,6,2,20,8,12,Moderate,Mild,Mild,2,Moderate
58,2,1,1,1,0,1,2,2,1,1,1,1,9,2,0,0,0,1,1,0,0,2,1,0,0,0,0,1,0,0,1,1,18,4,2,Mild,Normal,Normal,1,Low
56,2,1,1,1,0,1,2,0,1,0,3,2,9,2,0,0,0,0,2,0,0,2,1,0,0,0,1,1,1,1,4,1,18,4,8,Mild,Normal,Normal,1,Low
56,2,1,1,1,0,1,2,1,1,1,2,0,8,2,0,0,3,0,3,3,0,9,4,1,0,0,2,1,1,1,6,2,16,18,12,Mild,Severe,Mild,3,High
56,2,1,1,1,0,1,2,0,0,1,1,1,6,1,0,1,0,2,0,2,3,8,4,0,2,3,3,2,2,0,12,4,12,16,24,Normal,Severe,Severe,3,High
55,2,1,1,1,0,1,2,2,3,1,2,0,11,3,0,0,2,0,0,0,0,2,1,1,2,1,3,1,2,1,11,4,22,4,22,Moderate,Normal,Severe,3,High
50,2,1,1,1,0,1,2,2,3,2,1,0,11,3,1,2,3,2,1,0,1,10,5,2,3,3,3,2,1,0,14,5,22,20,28,Moderate,Extremely Severe,Extremely Severe,4,High
48,2,1,1,1,0,1,2,0,3,1,2,0,9,2,3,0,2,1,2,0,2,10,5,1,2,1,2,1,2,1,10,3,18,20,20,Mild,Extremely Severe,Moderate,4,High
48,2,1,1,1,0,1,2,0,1,2,1,3,10,3,0,1,2,3,2,1,0,9,4,1,2,0,2,1,0,2,8,3,20,18,16,Moderate,Severe,Moderate,3,High
37,2,1,1,1,0,1,2,1,1,2,3,1,11,3,2,1,0,1,0,3,1,8,4,0,2,1,0,1,0,2,6,2,22,16,12,Moderate,Severe,Mild,3,High
39,1,1,4,2,1,0,2,1,2,1,3,1,10,3,0,0,0,2,0,0,0,2,1,0,0,2,3,0,2,3,10,3,20,4,20,Moderate,Normal,Moderate,2,Moderate
44,2,1,3,1,1,0,2,1,3,1,1,1,9,2,2,1,3,2,2,0,0,10,5,2,1,2,1,2,1,2,11,4,18,20,22,Mild,Extremely Severe,Severe,4,High
40,2,1,1,1,1,0,2,1,2,1,2,1,9,2,0,0,1,3,0,0,0,4,2,1,2,1,2,3,2,2,13,4,18,8,26,Mild,Mild,Severe,3,High
20,1,1,5,4,0,0,2,1,1,1,2,1,8,2,1,1,1,0,0,0,0,3,1,0,0,0,0,0,0,0,0,1,16,6,0,Mild,Normal,Normal,1,Low
19,2,0,5,4,0,0,2,1,1,0,1,1,6,1,0,0,0,0,0,2,2,4,2,0,0,1,0,0,1,1,3,1,12,8,6,Normal,Mild,Normal,1,Low
19,2,0,5,4,0,0,2,1,1,0,1,1,6,1,0,0,0,0,2,2,2,6,3,0,1,0,0,0,1,1,3,1,12,12,6,Normal,Moderate,Normal,2,Moderate
19,2,0,5,4,0,0,2,1,1,0,1,1,6,1,2,3,1,2,0,0,1,9,4,0,0,0,1,1,1,1,4,1,12,18,8,Normal,Severe,Normal,3,High
21,1,0,5,4,0,0,2,3,0,1,2,2,10,3,1,0,0,0,0,1,0,2,1,0,1,1,1,1,1,1,6,2,20,4,12,Moderate,Normal,Mild,2,Moderate
19,1,0,5,4,0,0,2,0,1,1,1,3,8,2,1,0,0,1,0,0,0,2,1,3,3,0,0,0,0,0,6,2,16,4,12,Mild,Normal,Mild,1,Low
30,1,1,4,3,0,0,2,1,2,1,3,1,10,3,0,0,0,2,2,2,0,6,3,0,0,2,3,0,2,3,10,3,20,12,20,Moderate,Moderate,Moderate,2,Moderate
26,1,0,5,2,0,0,2,1,3,1,1,1,9,2,2,1,3,2,2,0,0,10,5,2,1,2,1,2,1,2,11,4,18,20,22,Mild,Extremely Severe,Severe,4,High
38,1,1,3,2,0,0,2,1,2,1,2,1,9,2,0,0,0,0,0,0,0,0,1,1,2,1,2,3,2,2,13,4,18,0,26,Mild,Normal,Severe,3,High
30,2,1,4,1,0,0,2,1,1,0,1,1,6,1,0,0,2,2,2,0,0,6,3,0,0,1,0,0,0,1,2,1,12,12,4,Normal,Moderate,Normal,2,Moderate
30,2,1,4,1,0,0,2,1,1,0,1,1,6,1,2,2,0,0,0,0,0,4,2,0,1,0,0,0,1,1,3,1,12,8,6,Normal,Mild,Normal,1,Low
30,2,1,4,1,0,0,2,1,1,0,1,0,5,1,1,0,1,2,1,1,0,6,3,0,1,0,1,0,3,1,6,2,10,12,12,Normal,Moderate,Mild,2,Moderate
27,2,1,4,1,0,0,2,0,0,0,0,1,3,1,3,0,0,0,0,0,0,3,1,1,0,0,0,0,0,0,1,1,6,6,2,Normal,Normal,Normal,0,Low
26,2,1,4,1,0,0,2,0,1,2,3,0,8,2,0,1,0,1,2,0,0,4,2,2,3,1,0,2,0,3,11,4,16,8,22,Mild,Mild,Severe,3,High
25,2,1,4,1,0,0,2,3,1,3,0,2,11,3,0,0,2,0,0,0,0,2,1,3,0,2,0,2,3,0,10,3,22,4,20,Moderate,Normal,Moderate,2,Moderate
22,2,0,3,4,1,3,1,3,2,2,3,2,16,4,1,1,1,1,2,1,1,8,4,1,0,2,2,2,2,2,11,4,32,16,22,Severe,Severe,Severe,3,High
30,1,1,4,3,1,3,1,2,1,1,3,1,12,3,1,1,1,1,1,1,1,7,3,3,3,3,3,3,3,3,21,5,24,14,42,Moderate,Moderate,Extremely Severe,4,High
37,2,1,5,2,1,3,1,2,1,0,2,1,10,3,2,1,0,1,2,1,2,9,4,1,0,0,0,0,1,2,4,1,20,18,8,Moderate,Severe,Normal,3,High
21,1,0,5,2,1,3,1,3,1,1,1,3,13,4,0,0,0,0,2,0,0,2,1,2,3,1,2,1,0,1,10,3,26,4,20,Severe,Normal,Moderate,3,High
36,1,1,4,2,1,3,1,1,1,2,2,3,13,4,0,0,1,2,1,1,1,6,3,0,0,1,1,0,1,1,4,1,26,12,8,Severe,Moderate,Normal,3,High
21,1,0,4,2,1,3,1,2,3,2,3,2,16,4,1,0,2,2,1,3,1,10,5,1,1,1,2,3,2,1,11,4,32,20,22,Severe,Extremely Severe,Severe,4,High
39,2,1,3,2,1,3,1,1,2,1,2,1,11,3,1,1,0,1,1,1,3,8,4,1,1,3,1,2,1,1,10,3,22,16,20,Moderate,Severe,Moderate,3,High
33,2,1,3,2,1,3,1,2,1,1,1,3,12,3,1,1,1,3,1,1,2,10,5,0,1,1,3,1,1,1,8,3,24,20,16,Moderate,Extremely Severe,Moderate,4,High
25,2,1,4,1,1,3,1,3,3,3,0,3,16,4,0,0,1,1,2,2,0,6,3,1,2,2,2,2,2,2,13,4,32,12,26,Severe,Moderate,Severe,3,High
20,2,1,4,1,1,3,1,1,0,0,0,0,5,1,0,0,0,1,1,1,1,4,2,1,2,1,0,1,0,1,6,2,10,8,12,Normal,Mild,Mild,1,Low
21,2,0,4,1,1,3,1,2,2,2,3,3,16,4,1,1,1,1,1,1,0,6,3,1,0,1,1,1,0,0,4,1,32,12,8,Severe,Moderate,Normal,3,High
31,2,1,3,1,1,3,1,2,0,1,2,1,10,3,1,1,1,1,1,1,1,7,3,0,2,2,1,2,3,1,11,4,20,14,22,Moderate,Moderate,Severe,3,High
31,2,1,3,1,1,3,1,1,1,1,1,2,10,3,0,0,1,1,1,1,1,5,2,1,2,2,2,2,2,2,13,4,20,10,26,Moderate,Moderate,Severe,3,High
56,2,1,1,1,1,3,1,0,0,0,1,0,5,1,1,1,1,0,1,1,0,5,2,0,0,1,1,0,0,0,2,1,10,10,4,Normal,Moderate,Normal,2,Moderate
50,1,1,1,5,0,3,1,3,2,2,3,2,16,4,1,1,1,1,2,1,1,8,4,1,0,2,2,2,2,2,11,4,32,16,22,Severe,Severe,Severe,3,High
20,1,0,5,4,0,3,1,2,1,0,1,1,9,2,0,0,0,1,1,0,1,3,1,2,1,1,1,2,2,1,10,3,18,6,20,Mild,Normal,Moderate,2,Moderate
30,1,1,4,4,0,3,1,2,1,1,3,3,14,4,1,0,1,1,3,0,3,9,4,1,1,0,0,2,0,1,5,2,28,18,10,Severe,Severe,Mild,3,High
18,2,0,4,4,0,3,1,2,2,0,3,3,14,4,0,1,1,1,1,0,0,4,2,0,1,0,1,1,1,0,4,1,28,8,8,Severe,Mild,Normal,3,High
50,2,1,5,3,0,3,1,1,2,1,2,0,10,3,2,2,2,2,0,0,2,10,5,0,2,2,2,0,0,0,6,2,20,20,12,Moderate,Extremely Severe,Mild,4,High
44,1,1,4,3,0,3,1,2,3,2,3,2,16,4,1,0,2,2,1,3,1,10,5,1,1,1,2,3,2,1,11,4,32,20,22,Severe,Extremely Severe,Severe,4,High
42,1,1,4,3,0,3,1,1,2,1,2,1,11,3,1,1,0,1,1,1,3,8,4,1,1,3,1,2,1,1,10,3,22,16,20,Moderate,Severe,Moderate,3,High
43,1,1,5,2,0,3,1,1,1,1,1,2,10,3,0,0,1,1,1,1,1,5,2,1,2,2,2,2,2,2,13,4,20,10,26,Moderate,Moderate,Severe,3,High
41,1,1,5,2,0,3,1,2,0,1,2,1,10,3,1,1,1,1,1,1,1,7,3,0,2,2,1,2,3,1,11,4,20,14,22,Moderate,Moderate,Severe,3,High
34,1,1,5,2,0,3,1,1,0,0,0,0,5,1,0,0,0,1,1,1,1,4,2,1,2,1,0,1,0,1,6,2,10,8,12,Normal,Mild,Mild,1,Low
29,1,1,5,2,0,3,1,2,2,2,3,3,16,4,1,1,1,1,1,1,0,6,3,1,0,1,1,1,0,0,4,1,32,12,8,Severe,Moderate,Normal,3,High
40,1,1,4,2,0,3,1,0,0,0,1,0,5,1,1,1,1,0,1,1,0,5,2,0,0,1,1,0,0,0,2,1,10,10,4,Normal,Moderate,Normal,2,Moderate
52,1,1,3,2,0,3,1,2,1,3,3,1,14,4,2,0,0,0,0,0,0,2,1,1,2,2,3,3,3,3,17,5,28,4,34,Severe,Normal,Extremely Severe,4,High
51,1,1,3,2,0,3,1,3,1,1,1,3,13,4,0,0,0,2,0,0,0,2,1,2,3,1,2,1,0,1,10,3,26,4,20,Severe,Normal,Moderate,3,High
28,1,1,3,2,0,3,1,2,1,0,2,1,10,3,2,1,0,1,2,1,2,9,4,1,0,0,0,0,1,2,4,1,20,18,8,Moderate,Severe,Normal,3,High
22,2,1,3,1,0,3,1,1,2,1,2,0,10,3,2,2,2,2,0,0,2,10,5,0,0,2,2,2,0,0,6,2,20,20,12,Moderate,Extremely Severe,Mild,4,High
85,1,1,1,6,1,2,1,0,1,0,3,1,8,2,1,1,2,1,1,2,0,8,4,0,0,0,0,0,0,0,0,1,16,16,0,Mild,Severe,Normal,3,High
67,1,1,1,6,1,2,1,1,2,0,1,1,8,2,0,0,0,1,1,1,1,4,2,0,0,1,3,1,0,1,6,2,16,8,12,Mild,Mild,Mild,1,Low
65,1,1,1,6,1,2,1,2,1,1,3,3,13,4,1,0,1,1,1,1,1,6,3,0,0,1,2,0,1,1,5,2,26,12,10,Severe,Moderate,Mild,3,High
36,1,1,2,5,1,2,1,3,3,1,3,3,16,4,0,0,0,1,1,1,0,3,1,1,1,0,0,1,1,1,5,2,32,6,10,Severe,Normal,Mild,3,High
25,1,0,2,5,1,2,1,1,1,1,0,2,8,2,0,0,0,1,1,0,0,2,1,1,2,1,2,2,1,1,10,3,16,4,20,Mild,Normal,Moderate,2,Moderate
23,1,0,1,5,1,2,1,2,1,1,0,0,7,1,0,0,1,1,0,1,1,4,2,1,2,2,1,1,0,1,8,3,14,8,16,Normal,Mild,Moderate,2,Moderate
21,2,0,5,4,1,2,1,0,1,0,0,1,5,1,0,0,0,1,1,0,0,2,1,0,0,0,0,0,0,0,0,1,10,4,0,Normal,Normal,Normal,0,Low
21,2,0,5,4,1,2,1,1,0,1,0,1,6,1,0,0,0,2,1,0,0,3,1,0,3,2,0,2,3,3,13,4,12,6,26,Normal,Normal,Severe,3,High
23,2,1,4,4,1,2,1,2,1,0,1,1,8,2,1,2,0,2,2,1,1,9,4,1,2,3,3,3,3,3,18,5,16,18,36,Mild,Severe,Extremely Severe,4,High
21,2,1,4,4,1,2,1,3,2,3,3,2,16,4,1,0,0,1,2,2,3,9,4,1,1,1,2,0,1,2,8,3,32,18,16,Severe,Severe,Moderate,3,High
29,1,1,4,4,1,2,1,1,2,1,3,2,12,3,1,0,1,1,1,1,0,5,2,1,1,0,1,2,2,1,8,3,24,10,16,Moderate,Moderate,Moderate,2,Moderate
23,2,0,4,4,1,2,1,1,1,1,1,1,8,2,1,0,1,1,3,0,3,9,4,1,1,0,0,2,0,1,5,2,16,18,10,Mild,Severe,Mild,3,High
23,2,0,4,4,1,2,1,1,1,1,1,1,8,2,0,0,2,2,2,0,0,6,3,2,2,1,2,1,1,1,10,3,16,12,20,Mild,Moderate,Moderate,2,Moderate
21,2,0,4,4,1,2,1,2,2,2,2,2,13,4,0,0,0,0,0,2,2,4,2,0,0,0,2,0,0,1,3,1,26,8,6,Severe,Mild,Normal,3,High
21,2,0,4,4,1,2,1,0,0,0,0,3,6,1,0,0,2,0,1,0,0,3,1,0,0,3,3,0,0,3,9,3,12,6,18,Normal,Normal,Moderate,2,Moderate
20,2,0,4,4,1,2,1,3,3,2,3,3,17,5,0,1,0,0,0,1,0,2,1,3,2,3,3,3,3,3,20,5,34,4,40,Extremely Severe,Normal,Extremely Severe,4,High
28,2,1,2,4,1,2,1,1,1,1,2,2,10,3,0,0,0,2,0,1,2,5,2,3,1,3,2,2,3,3,17,5,20,10,34,Moderate,Moderate,Extremely Severe,4,High
37,2,1,1,4,1,2,1,3,3,3,2,3,17,5,0,0,2,1,1,1,0,5,2,3,3,2,3,2,3,2,18,5,34,10,36,Extremely Severe,Moderate,Extremely Severe,4,High
38,1,1,5,3,1,2,1,1,1,1,1,2,9,2,1,1,1,0,0,1,0,4,2,0,0,0,1,1,1,1,4,1,18,8,8,Mild,Mild,Normal,1,Low
38,1,1,5,3,1,2,1,1,1,1,1,1,8,2,1,0,1,1,1,1,1,6,3,1,0,1,1,0,0,1,4,1,16,12,8,Mild,Moderate,Normal,2,Moderate
30,1,1,5,3,1,2,1,1,1,1,2,1,9,2,1,1,0,1,1,1,0,5,2,0,0,0,1,1,1,1,4,1,18,10,8,Mild,Moderate,Normal,2,Moderate
22,2,1,4,3,1,2,1,2,3,3,1,1,13,4,1,2,1,1,1,1,0,7,3,0,0,0,1,0,0,1,2,1,26,14,4,Severe,Moderate,Normal,3,High
43,1,1,4,3,1,2,1,1,2,2,3,1,12,3,1,0,1,1,2,1,2,8,4,1,3,1,1,2,1,1,10,3,24,16,20,Moderate,Severe,Moderate,3,High
38,1,1,4,3,1,2,1,1,2,2,3,2,13,4,0,0,0,0,0,0,1,1,1,3,2,3,2,2,2,3,17,5,26,2,34,Severe,Normal,Extremely Severe,4,High
30,1,1,4,3,1,2,1,3,2,1,1,2,12,3,0,0,0,2,0,0,0,2,1,3,2,0,1,2,0,0,8,3,24,4,16,Moderate,Normal,Moderate,2,Moderate
18,1,0,4,3,1,2,1,1,1,1,2,1,9,2,1,1,1,1,1,1,1,7,3,1,1,1,1,2,1,1,8,3,18,14,16,Mild,Moderate,Moderate,2,Moderate
56,1,1,1,3,1,2,1,3,1,0,3,3,13,4,0,1,0,2,0,0,0,3,1,0,0,0,0,0,1,1,2,1,26,6,4,Severe,Normal,Normal,3,High
23,2,1,5,2,1,2,1,1,3,1,2,3,13,4,1,1,1,1,1,1,1,7,3,0,1,3,0,0,0,0,4,1,26,14,8,Severe,Moderate,Normal,3,High
38,1,1,5,2,1,2,1,1,2,1,3,2,12,3,1,0,0,2,0,0,1,4,2,3,0,1,2,2,2,2,12,4,24,8,24,Moderate,Mild,Severe,3,High
35,1,1,5,2,1,2,1,1,2,1,2,3,12,3,2,0,1,1,1,1,0,6,3,0,0,1,1,1,2,1,6,2,24,12,12,Moderate,Moderate,Mild,2,Moderate
34,1,1,5,2,1,2,1,2,2,1,2,3,13,4,0,0,1,1,1,0,0,3,1,0,0,0,0,1,1,2,4,1,26,6,8,Severe,Normal,Normal,3,High
30,1,1,5,2,1,2,1,0,1,0,2,1,7,1,0,0,1,0,1,3,0,5,2,0,0,0,0,0,0,0,0,1,14,10,0,Normal,Moderate,Normal,2,Moderate
40,2,1,4,2,1,2,1,0,0,1,1,2,7,1,0,0,0,2,2,2,0,6,3,0,3,2,1,1,3,3,13,4,14,12,26,Normal,Moderate,Severe,3,High
32,2,1,4,2,1,2,1,1,1,0,1,1,7,1,1,1,2,1,1,1,2,9,4,3,2,1,1,1,1,1,10,3,14,18,20,Normal,Severe,Moderate,3,High
26,2,1,4,2,1,2,1,0,0,0,1,2,6,1,0,0,0,0,0,0,0,0,1,0,1,2,2,1,1,2,9,3,12,0,18,Normal,Normal,Moderate,2,Moderate
25,2,1,4,2,1,2,1,3,0,2,3,2,13,4,0,0,0,2,2,2,2,8,4,2,1,2,1,1,1,2,10,3,26,16,20,Severe,Severe,Moderate,3,High
23,2,1,4,2,1,2,1,1,1,2,1,1,9,2,1,1,1,1,1,1,1,7,3,1,1,2,1,1,0,0,6,2,18,14,12,Mild,Moderate,Mild,2,Moderate
22,2,1,4,2,1,2,1,0,2,0,3,2,10,3,1,0,0,2,0,0,0,3,1,0,1,2,2,0,0,0,5,2,20,6,10,Moderate,Normal,Mild,2,Moderate
22,2,1,4,2,1,2,1,1,1,1,2,2,10,3,1,1,1,2,1,1,1,8,4,1,1,1,0,2,1,0,6,2,20,16,12,Moderate,Severe,Mild,3,High
21,2,1,4,2,1,2,1,1,1,1,1,2,9,2,1,1,1,1,1,2,0,7,3,0,1,0,1,1,1,1,5,2,18,14,10,Mild,Moderate,Mild,2,Moderate
40,1,1,4,2,1,2,1,3,3,2,1,1,13,4,3,0,0,1,2,3,0,9,4,0,1,2,3,1,2,3,12,4,26,18,24,Severe,Severe,Severe,3,High
38,1,1,4,2,1,2,1,2,1,1,1,2,10,3,1,1,0,1,1,2,1,7,3,0,3,2,2,1,2,2,12,4,20,14,24,Moderate,Moderate,Severe,3,High
36,1,1,4,2,1,2,1,2,1,1,2,3,12,3,0,0,0,0,0,0,0,0,1,0,0,0,1,1,0,0,2,1,24,0,4,Moderate,Normal,Normal,2,Moderate
36,1,1,4,2,1,2,1,2,1,1,2,2,11,3,1,1,1,0,1,1,1,6,3,0,0,0,1,1,0,0,2,1,22,12,4,Moderate,Moderate,Normal,2,Moderate
34,1,1,4,2,1,2,1,1,1,0,3,2,10,3,0,1,1,1,1,1,0,5,2,0,0,0,1,0,0,1,2,1,20,10,4,Moderate,Moderate,Normal,2,Moderate
33,1,1,4,2,1,2,1,1,1,0,1,3,9,2,1,0,0,0,1,0,0,2,1,1,0,0,1,0,0,1,3,1,18,4,6,Mild,Normal,Normal,1,Low
28,1,1,4,2,1,2,1,2,1,2,2,1,11,3,0,0,0,0,2,2,2,6,3,3,1,2,3,1,1,1,12,4,22,12,24,Moderate,Moderate,Severe,3,High
27,1,0,4,2,1,2,1,3,2,3,3,2,16,4,0,0,1,0,1,0,0,2,1,2,3,2,3,2,3,3,18,5,32,4,36,Severe,Normal,Extremely Severe,4,High
43,1,1,3,2,1,2,1,1,1,2,0,1,8,2,1,1,2,1,1,1,1,8,4,2,2,1,0,0,1,1,7,3,16,16,14,Mild,Severe,Moderate,3,High
37,1,1,3,2,1,2,1,3,1,0,0,3,10,3,1,0,0,1,0,1,2,5,2,3,2,2,1,0,0,0,8,3,20,10,16,Moderate,Moderate,Moderate,2,Moderate
25,1,1,3,2,1,2,1,1,1,2,2,1,10,3,1,1,0,1,1,2,1,7,3,2,1,2,1,2,1,0,9,3,20,14,18,Moderate,Moderate,Moderate,2,Moderate
24,1,1,3,2,1,2,1,1,1,3,1,3,12,3,1,0,1,2,0,1,0,5,2,0,0,1,2,2,0,0,5,2,24,10,10,Moderate,Moderate,Mild,2,Moderate
23,1,1,3,2,1,2,1,0,1,0,2,1,7,1,0,0,0,0,2,0,2,4,2,1,3,1,0,1,3,1,10,3,14,8,20,Normal,Mild,Moderate,2,Moderate
27,1,0,3,2,1,2,1,3,2,1,1,2,12,3,0,0,0,0,0,0,0,0,1,1,0,1,2,1,0,0,5,2,24,0,10,Moderate,Normal,Mild,2,Moderate
27,1,0,3,2,1,2,1,3,0,1,1,1,9,2,2,2,2,2,0,0,0,8,4,1,1,1,0,2,0,0,5,2,18,16,10,Mild,Severe,Mild,3,High
25,1,0,3,2,1,2,1,3,1,0,3,3,13,4,0,0,2,2,0,0,0,4,2,1,3,2,1,1,1,1,10,3,26,8,20,Severe,Mild,Moderate,3,High
30,2,1,2,2,1,2,1,1,2,1,2,2,11,3,2,2,1,1,1,1,0,8,4,0,1,0,2,1,1,1,6,2,22,16,12,Moderate,Severe,Mild,3,High
25,2,1,2,2,1,2,1,1,1,0,1,3,9,2,1,1,2,1,0,0,0,5,2,0,0,0,0,0,0,0,0,1,18,10,0,Mild,Moderate,Normal,2,Moderate
24,2,1,2,2,1,2,1,1,2,0,1,1,8,2,0,0,2,0,0,2,0,4,2,1,1,0,1,0,0,0,3,1,16,8,6,Mild,Mild,Normal,1,Low
45,1,1,2,2,1,2,1,1,1,0,2,0,7,1,1,1,2,0,0,1,0,5,2,0,0,0,2,0,0,1,3,1,14,10,6,Normal,Moderate,Normal,2,Moderate
35,1,1,2,2,1,2,1,1,1,3,0,2,10,3,1,0,0,0,0,1,0,2,1,0,0,0,1,1,1,0,3,1,20,4,6,Moderate,Normal,Normal,2,Moderate
32,1,1,2,2,1,2,1,0,1,0,3,0,7,1,1,0,0,0,0,1,0,2,1,2,1,0,0,0,0,0,3,1,14,4,6,Normal,Normal,Normal,0,Low
64,1,1,1,2,1,2,1,0,0,0,1,2,6,1,0,0,0,0,0,0,0,0,1,0,0,0,0,1,0,0,1,1,12,0,2,Normal,Normal,Normal,0,Low
35,2,1,5,1,1,2,1,2,2,1,2,1,11,3,1,2,2,2,1,1,1,10,5,2,1,2,1,2,1,2,11,4,22,20,22,Moderate,Extremely Severe,Severe,4,High
30,2,1,5,1,1,2,1,2,2,2,1,2,12,3,1,0,1,1,1,2,1,7,3,0,0,1,1,0,0,0,2,1,24,14,4,Moderate,Moderate,Normal,2,Moderate
40,2,1,4,1,1,2,1,2,3,2,2,1,13,4,2,0,2,2,2,0,0,8,4,0,0,0,2,2,2,0,6,2,26,16,12,Severe,Severe,Mild,3,High
32,2,1,4,1,1,2,1,3,1,0,3,1,11,3,2,1,3,1,2,0,1,10,5,2,1,3,1,0,3,0,10,3,22,20,20,Moderate,Extremely Severe,Moderate,4,High
28,2,1,4,1,1,2,1,2,2,1,1,2,11,3,3,2,1,0,0,2,2,10,5,3,2,1,2,1,2,2,13,4,22,20,26,Moderate,Extremely Severe,Severe,4,High
27,2,1,4,1,1,2,1,2,2,1,0,1,9,2,2,1,2,0,1,2,0,8,4,0,0,2,2,2,0,0,6,2,18,16,12,Mild,Severe,Mild,3,High
25,2,1,4,1,1,2,1,1,2,1,2,0,9,2,0,0,0,2,2,1,1,6,3,0,0,1,1,0,2,2,6,2,18,12,12,Mild,Moderate,Mild,2,Moderate
23,2,1,4,1,1,2,1,2,1,1,2,3,12,3,0,0,2,2,2,0,0,6,3,1,1,2,2,1,2,2,11,4,24,12,22,Moderate,Moderate,Severe,3,High
23,2,1,4,1,1,2,1,2,2,0,1,3,11,3,1,1,0,3,2,0,1,8,4,0,0,1,3,3,3,2,12,4,22,16,24,Moderate,Severe,Severe,3,High
22,2,1,4,1,1,2,1,2,2,2,3,2,14,4,0,0,1,2,0,0,0,3,1,0,0,0,0,2,2,0,4,1,28,6,8,Severe,Normal,Normal,3,High
40,1,1,4,1,1,2,1,1,1,1,1,1,8,2,2,0,0,1,1,2,2,8,4,0,1,0,0,2,1,1,5,2,16,16,10,Mild,Severe,Mild,3,High
33,1,1,4,1,1,2,1,1,1,1,1,1,8,2,1,2,1,2,2,1,1,10,5,0,0,0,2,1,1,1,5,2,16,20,10,Mild,Extremely Severe,Mild,4,High
20,2,0,4,1,1,2,1,1,1,1,1,1,8,2,0,0,1,1,0,2,0,4,2,3,3,3,3,3,1,1,17,5,16,8,34,Mild,Mild,Extremely Severe,4,High
18,2,0,4,1,1,2,1,1,1,1,1,1,8,2,1,1,1,1,1,0,2,7,3,1,3,3,3,3,3,3,19,5,16,14,38,Mild,Moderate,Extremely Severe,4,High
34,2,1,3,1,1,2,1,3,2,3,2,1,14,4,2,1,2,1,1,2,1,10,5,2,1,2,2,3,2,1,13,4,28,20,26,Severe,Extremely Severe,Severe,4,High
28,2,1,3,1,1,2,1,1,1,1,1,3,10,3,1,0,1,1,1,1,1,6,3,1,1,1,1,1,1,3,9,3,20,12,18,Moderate,Moderate,Moderate,2,Moderate
25,2,1,3,1,1,2,1,1,1,1,1,1,8,2,0,1,0,0,0,0,1,2,1,1,1,1,2,2,1,1,9,3,16,4,18,Mild,Normal,Moderate,2,Moderate
25,2,1,3,1,1,2,1,1,2,2,1,2,11,3,0,2,2,0,0,0,0,4,2,2,1,2,1,2,2,1,11,4,22,8,22,Moderate,Mild,Severe,3,High
25,2,1,3,1,1,2,1,2,1,3,2,1,12,3,2,2,1,2,2,0,0,9,4,3,1,2,1,1,2,2,12,4,24,18,24,Moderate,Severe,Severe,3,High
24,2,1,3,1,1,2,1,1,2,1,3,2,12,3,0,0,0,1,1,1,1,4,2,2,1,2,1,2,2,2,12,4,24,8,24,Moderate,Mild,Severe,3,High
16,2,0,3,1,1,2,1,1,1,1,1,1,8,2,0,0,0,0,0,1,2,3,1,0,0,0,0,0,2,2,4,1,16,6,8,Mild,Normal,Normal,1,Low
45,2,1,2,1,1,2,1,3,1,1,2,2,12,3,3,1,1,2,1,1,1,10,5,1,2,0,2,1,1,1,8,3,24,20,16,Moderate,Extremely Severe,Moderate,4,High
38,2,1,2,1,1,2,1,3,1,2,1,2,12,3,0,0,0,0,2,2,2,6,3,2,3,1,2,1,2,2,13,4,24,12,26,Moderate,Moderate,Severe,3,High
29,2,1,2,1,1,2,1,2,0,2,3,2,12,3,1,0,1,1,1,2,0,6,3,3,3,2,1,1,1,3,14,5,24,12,28,Moderate,Moderate,Extremely Severe,4,High
24,2,1,2,1,1,2,1,2,2,2,3,1,13,4,2,0,0,2,1,2,1,8,4,0,0,0,1,0,0,0,1,1,26,16,2,Severe,Severe,Normal,3,High
24,2,1,2,1,1,2,1,0,3,0,3,3,12,3,2,0,0,0,0,3,3,8,4,2,2,1,1,2,2,1,11,4,24,16,22,Moderate,Severe,Severe,3,High
80,2,1,1,1,1,2,1,1,0,0,0,0,4,1,2,1,1,1,0,0,0,5,2,0,0,1,1,1,1,1,5,2,8,10,10,Normal,Moderate,Mild,2,Moderate
72,2,1,1,1,1,2,1,2,2,1,0,0,8,2,0,0,3,3,3,0,0,9,4,0,2,2,2,0,0,0,6,2,16,18,12,Mild,Severe,Mild,3,High
61,2,1,1,1,1,2,1,2,2,0,1,3,11,3,1,1,0,3,1,0,1,7,3,0,0,1,3,3,3,3,13,4,22,14,26,Moderate,Moderate,Severe,3,High
60,2,1,1,1,1,2,1,1,0,1,3,2,10,3,1,0,1,3,0,0,0,5,2,0,1,1,0,1,0,0,3,1,20,10,6,Moderate,Moderate,Normal,2,Moderate
58,2,1,1,1,1,2,1,2,1,1,2,1,10,3,1,2,0,1,2,1,1,8,4,1,1,1,2,1,2,1,9,3,20,16,18,Moderate,Severe,Moderate,3,High
50,2,1,1,1,1,2,1,2,3,0,2,1,11,3,0,0,3,3,0,0,0,6,3,1,2,3,2,1,0,0,9,3,22,12,18,Moderate,Moderate,Moderate,2,Moderate
50,2,1,1,1,1,2,1,2,2,0,1,3,11,3,1,1,0,3,1,0,1,7,3,0,0,1,3,3,3,3,13,4,22,14,26,Moderate,Moderate,Severe,3,High
50,2,1,1,1,1,2,1,2,2,0,1,3,11,3,1,1,0,3,1,0,1,7,3,0,0,1,3,3,3,3,13,4,22,14,26,Moderate,Moderate,Severe,3,High
49,2,1,1,1,1,2,1,3,3,1,0,2,12,3,2,0,0,2,1,2,1,8,4,2,1,2,3,2,1,3,14,5,24,16,28,Moderate,Severe,Extremely Severe,4,High
45,2,1,1,1,1,2,1,3,1,2,0,2,11,3,0,0,0,0,2,2,2,6,3,1,2,1,3,1,3,0,11,4,22,12,22,Moderate,Moderate,Severe,3,High
44,2,1,1,1,1,2,1,1,0,0,1,1,6,1,3,2,0,1,2,1,0,9,4,1,3,1,2,1,0,3,11,4,12,18,22,Normal,Severe,Severe,3,High
40,2,1,1,1,1,2,1,1,1,1,1,1,8,2,2,0,0,0,2,2,2,8,4,1,1,1,1,0,0,0,4,1,16,16,8,Mild,Severe,Normal,3,High
85,1,1,1,6,0,2,1,1,2,0,1,1,8,2,0,0,0,1,1,1,0,3,1,0,0,1,3,1,0,1,6,2,16,6,12,Mild,Normal,Mild,1,Low
75,1,1,1,6,0,2,1,2,1,1,0,0,7,1,0,0,1,1,0,1,1,4,2,1,2,2,1,1,0,1,8,3,14,8,16,Normal,Mild,Moderate,2,Moderate
70,1,1,1,6,0,2,1,3,3,1,3,3,16,4,0,1,0,1,1,1,0,4,2,1,1,0,0,1,1,1,5,2,32,8,10,Severe,Mild,Mild,3,High
68,1,1,1,6,0,2,1,1,1,1,1,1,8,2,0,0,1,1,0,0,0,2,1,2,1,0,2,1,2,2,10,3,16,4,20,Mild,Normal,Moderate,2,Moderate
67,1,1,1,6,0,2,1,0,1,0,3,1,8,2,1,1,2,1,1,2,0,8,4,0,0,0,0,0,0,0,0,1,16,16,0,Mild,Severe,Normal,3,High
62,1,1,1,5,0,2,1,1,1,1,1,1,8,2,1,0,0,1,3,1,0,6,3,0,0,0,1,1,0,0,2,1,16,12,4,Mild,Moderate,Normal,2,Moderate
62,1,1,1,5,0,2,1,3,3,1,2,2,14,4,0,0,1,1,1,0,0,3,1,1,1,1,2,1,0,3,9,3,28,6,18,Severe,Normal,Moderate,3,High
52,1,1,1,5,0,2,1,1,1,1,2,2,10,3,0,0,0,2,0,1,2,5,2,3,1,3,2,2,3,3,17,5,20,10,34,Moderate,Moderate,Extremely Severe,4,High
50,1,1,1,5,0,2,1,1,1,1,1,1,8,2,0,0,2,0,2,0,0,4,2,3,1,1,3,3,3,3,17,5,16,8,34,Mild,Mild,Extremely Severe,4,High
46,1,1,1,5,0,2,1,1,1,1,1,1,8,2,0,0,0,3,2,0,2,7,3,0,3,3,2,3,3,3,17,5,16,14,34,Mild,Moderate,Extremely Severe,4,High
37,1,1,1,5,0,2,1,3,3,3,2,3,17,5,0,2,2,1,1,0,0,6,3,3,3,2,3,2,3,2,18,5,34,12,36,Extremely Severe,Moderate,Extremely Severe,4,High
34,1,1,1,5,0,2,1,1,1,1,0,2,8,2,0,0,0,1,1,0,0,2,1,1,2,1,2,2,1,1,10,3,16,4,20,Mild,Normal,Moderate,2,Moderate
23,2,1,5,4,0,2,1,1,1,0,2,0,7,1,1,1,2,0,0,1,0,5,2,0,0,0,2,0,0,1,3,1,14,10,6,Normal,Moderate,Normal,2,Moderate
22,2,1,5,4,0,2,1,2,1,2,0,0,8,2,2,1,2,0,1,1,0,7,3,0,0,0,0,1,0,0,1,1,16,14,2,Mild,Moderate,Normal,2,Moderate
25,1,1,5,4,0,2,1,1,1,0,1,3,9,2,1,1,2,1,0,0,0,5,2,0,0,0,0,0,0,0,0,1,18,10,0,Mild,Moderate,Normal,2,Moderate
25,1,1,5,4,0,2,1,1,2,0,1,1,8,2,0,0,2,0,0,2,0,4,2,1,1,0,1,0,0,0,3,1,16,8,6,Mild,Mild,Normal,1,Low
22,1,1,5,4,0,2,1,2,1,2,0,0,8,2,2,1,2,0,1,1,0,7,3,0,0,0,0,1,0,0,1,1,16,14,2,Mild,Moderate,Normal,2,Moderate
24,2,0,5,4,0,2,1,1,1,3,0,2,10,3,1,0,0,0,0,1,0,2,1,0,0,0,1,1,1,0,3,1,20,4,6,Moderate,Normal,Normal,2,Moderate
22,2,0,5,4,0,2,1,0,0,0,1,2,6,1,0,0,0,0,0,0,0,0,1,0,0,0,0,1,0,0,1,1,12,0,2,Normal,Normal,Normal,0,Low
22,2,0,5,4,0,2,1,2,1,2,0,0,8,2,2,1,2,0,1,1,0,7,3,0,0,0,0,1,0,0,1,1,16,14,2,Mild,Moderate,Normal,2,Moderate
22,2,0,5,4,0,2,1,2,1,2,0,0,8,2,2,1,2,0,1,1,0,7,3,0,0,0,0,1,0,0,1,1,16,14,2,Mild,Moderate,Normal,2,Moderate
22,2,0,5,4,0,2,1,2,1,2,0,0,8,2,2,1,2,0,1,1,0,7,3,0,0,0,0,1,0,0,1,1,16,14,2,Mild,Moderate,Normal,2,Moderate
22,2,0,5,4,0,2,1,0,1,0,3,0,7,1,1,0,0,0,0,1,0,2,1,2,1,0,0,0,0,0,3,1,14,4,6,Normal,Normal,Normal,0,Low
20,2,0,5,4,0,2,1,1,1,1,1,1,8,2,0,0,0,0,0,1,0,1,1,0,1,1,1,1,1,1,6,2,16,2,12,Mild,Normal,Mild,1,Low
19,2,0,5,4,0,2,1,1,3,3,0,1,11,3,0,0,1,0,0,1,0,2,1,0,1,0,1,0,1,1,4,1,22,4,8,Moderate,Normal,Normal,2,Moderate
18,2,0,5,4,0,2,1,1,3,0,1,1,9,2,1,0,0,0,1,1,0,3,1,0,1,0,1,0,0,1,3,1,18,6,6,Mild,Normal,Normal,1,Low
22,1,0,5,4,0,2,1,2,1,2,0,0,8,2,2,1,2,0,1,1,0,7,3,0,0,0,0,1,0,0,1,1,16,14,2,Mild,Moderate,Normal,2,Moderate
20,1,0,5,4,0,2,1,1,1,1,1,1,8,2,1,0,0,0,0,1,0,2,1,0,1,1,1,1,1,1,6,2,16,4,12,Mild,Normal,Mild,1,Low
19,1,0,5,4,0,2,1,1,0,0,1,0,5,1,0,1,2,1,0,2,0,6,3,0,0,0,1,0,0,0,1,1,10,12,2,Normal,Moderate,Normal,2,Moderate
32,2,1,4,4,0,2,1,1,1,1,1,2,9,2,1,1,1,0,0,1,0,4,2,0,0,0,1,1,1,1,4,1,18,8,8,Mild,Mild,Normal,1,Low
32,2,1,4,4,0,2,1,1,1,1,2,1,9,2,1,1,0,1,1,1,0,5,2,0,0,0,1,1,1,1,4,1,18,10,8,Mild,Moderate,Normal,2,Moderate
27,2,1,4,4,0,2,1,1,1,1,1,1,8,2,1,0,1,1,1,1,1,6,3,1,0,1,1,0,0,1,4,1,16,12,8,Mild,Moderate,Normal,2,Moderate
36,1,1,4,4,0,2,1,3,2,3,3,2,16,4,1,0,0,1,2,2,3,9,4,1,1,1,2,0,1,2,8,3,32,18,16,Severe,Severe,Moderate,3,High
24,2,0,4,4,0,2,1,2,3,1,3,3,15,4,0,0,0,0,0,0,1,1,1,1,1,3,2,1,0,1,9,3,30,2,18,Severe,Normal,Moderate,3,High
22,2,0,4,4,0,2,1,1,1,1,2,1,9,2,1,1,1,1,1,1,1,7,3,1,1,1,1,2,1,1,8,3,18,14,16,Mild,Moderate,Moderate,2,Moderate
21,2,0,4,4,0,2,1,2,1,2,1,2,11,3,2,0,1,2,0,1,0,6,3,1,2,1,1,1,0,0,6,2,22,12,12,Moderate,Moderate,Mild,2,Moderate
19,2,0,4,4,0,2,1,3,3,2,0,3,14,4,2,1,3,1,2,0,0,9,4,3,0,3,0,0,0,0,6,2,28,18,12,Severe,Severe,Mild,3,High
17,2,0,4,4,0,2,1,2,1,0,1,1,8,2,1,2,0,2,2,1,1,9,4,1,2,3,3,3,3,3,18,5,16,18,36,Mild,Severe,Extremely Severe,4,High
17,2,0,3,4,0,2,1,1,1,1,1,1,8,2,0,0,1,2,2,0,0,5,2,0,2,0,2,0,0,1,5,2,16,10,10,Mild,Moderate,Mild,2,Moderate
16,2,0,3,4,0,2,1,0,0,0,0,3,6,1,0,0,0,0,0,0,0,0,1,0,0,3,3,0,3,3,12,4,12,0,24,Normal,Normal,Severe,3,High
16,2,0,3,4,0,2,1,1,1,1,1,1,8,2,0,1,0,2,2,2,2,9,4,2,1,2,2,1,2,2,12,4,16,18,24,Mild,Severe,Severe,3,High
16,2,0,3,4,0,2,1,2,1,2,1,2,11,3,2,1,1,1,1,1,1,8,4,1,1,2,3,2,2,2,13,4,22,16,26,Moderate,Severe,Severe,3,High
16,2,0,3,4,0,2,1,2,1,1,2,2,11,3,0,0,0,0,2,0,0,2,1,1,1,3,2,1,3,3,14,5,22,4,28,Moderate,Normal,Extremely Severe,4,High
16,2,0,3,4,0,2,1,3,3,2,3,3,17,5,0,0,0,0,1,0,0,1,1,3,2,3,3,3,3,3,20,5,34,2,40,Extremely Severe,Normal,Extremely Severe,4,High
16,2,0,3,4,0,2,1,2,1,3,3,2,14,4,1,0,1,0,0,1,0,3,1,3,3,3,2,3,3,3,20,5,28,6,40,Severe,Normal,Extremely Severe,4,High
35,2,1,2,4,0,2,1,2,2,1,2,1,11,3,1,1,1,1,1,1,1,7,3,3,2,3,3,2,2,3,18,5,22,14,36,Moderate,Moderate,Extremely Severe,4,High
20,2,1,2,4,0,2,1,1,3,3,1,3,14,4,1,1,0,0,1,0,0,3,1,1,1,1,3,0,0,3,9,3,28,6,18,Severe,Normal,Moderate,3,High
39,1,1,2,4,0,2,1,1,3,0,0,2,9,2,0,0,0,0,2,0,3,5,2,0,2,0,0,0,2,0,4,1,18,10,8,Mild,Moderate,Normal,2,Moderate
39,1,1,2,4,0,2,1,1,1,1,1,1,8,2,2,0,1,1,1,0,1,6,3,0,2,1,0,1,0,2,6,2,16,12,12,Mild,Moderate,Mild,2,Moderate
25,2,1,1,4,0,2,1,1,3,1,3,3,14,4,2,0,0,0,0,0,0,2,1,0,1,1,0,1,1,1,5,2,28,4,10,Severe,Normal,Mild,3,High
30,2,1,5,3,0,2,1,1,1,0,3,2,10,3,0,1,1,1,1,1,0,5,2,0,0,0,1,0,0,1,2,1,20,10,4,Moderate,Moderate,Normal,2,Moderate
20,2,1,5,3,0,2,1,1,1,0,1,3,9,2,1,0,0,0,1,0,0,2,1,1,0,0,1,0,0,1,3,1,18,4,6,Mild,Normal,Normal,1,Low
38,1,1,5,3,0,2,1,2,1,2,2,1,11,3,1,1,1,0,0,0,0,3,1,3,1,2,3,1,1,1,12,4,22,6,24,Moderate,Normal,Severe,3,High
35,1,1,5,3,0,2,1,3,2,3,3,2,16,4,0,0,2,2,2,1,0,7,3,2,3,2,3,2,3,3,18,5,32,14,36,Severe,Moderate,Extremely Severe,4,High
26,1,0,5,3,0,2,1,2,1,1,1,2,10,3,1,1,0,1,1,2,1,7,3,0,3,2,2,1,2,2,12,4,20,14,24,Moderate,Moderate,Severe,3,High
50,1,1,4,3,0,2,1,2,1,1,2,2,11,3,1,0,1,2,1,1,1,7,3,1,2,3,2,2,1,1,12,4,22,14,24,Moderate,Moderate,Severe,3,High
48,1,1,4,3,0,2,1,2,1,1,2,2,11,3,1,0,1,2,1,1,1,7,3,1,2,3,2,2,1,1,12,4,22,14,24,Moderate,Moderate,Severe,3,High
46,1,1,4,3,0,2,1,0,3,3,2,3,14,4,0,0,0,0,2,0,0,2,1,1,0,0,3,0,1,1,6,2,28,4,12,Severe,Normal,Mild,3,High
38,1,1,4,3,0,2,1,1,1,2,0,1,8,2,1,1,2,1,1,1,1,8,4,2,2,1,1,0,1,1,8,3,16,16,16,Mild,Severe,Moderate,3,High
34,1,1,4,3,0,2,1,0,1,0,2,1,7,1,0,2,2,2,0,0,0,6,3,1,3,1,0,1,3,1,10,3,14,12,20,Normal,Moderate,Moderate,2,Moderate
33,1,1,4,3,0,2,1,3,1,0,0,3,10,3,1,0,0,1,0,1,2,5,2,3,2,2,1,0,0,0,8,3,20,10,16,Moderate,Moderate,Moderate,2,Moderate
33,1,1,4,3,0,2,1,2,2,3,1,3,14,4,1,1,1,0,0,0,0,3,1,0,0,0,1,1,1,1,4,1,28,6,8,Severe,Normal,Normal,3,High
50,1,1,3,3,0,2,1,2,1,3,1,2,12,3,0,1,0,1,1,1,0,4,2,2,2,1,2,2,3,2,14,5,24,8,28,Moderate,Mild,Extremely Severe,4,High
30,1,1,3,3,0,2,1,3,0,1,1,1,9,2,2,0,0,0,2,2,2,8,4,1,1,1,0,2,0,0,5,2,18,16,10,Mild,Severe,Mild,3,High
26,1,1,3,3,0,2,1,1,1,2,2,1,10,3,1,1,0,1,1,2,1,7,3,2,1,2,1,2,1,0,9,3,20,14,18,Moderate,Moderate,Moderate,2,Moderate
25,1,1,3,3,0,2,1,1,2,3,3,2,14,4,2,0,0,1,1,1,2,7,3,0,1,0,1,0,1,1,4,1,28,14,8,Severe,Moderate,Normal,3,High
57,1,1,2,3,0,2,1,0,0,2,1,0,6,1,1,1,1,2,1,2,2,10,5,0,2,0,2,0,2,0,6,2,12,20,12,Normal,Extremely Severe,Mild,4,High
39,1,1,1,3,0,2,1,1,2,1,2,2,11,3,2,2,1,1,1,1,0,8,4,0,1,0,2,1,1,1,6,2,22,16,12,Moderate,Severe,Mild,3,High
40,2,1,5,2,0,2,1,1,2,1,2,0,9,2,0,0,0,2,2,1,1,6,3,0,0,1,1,0,2,2,6,2,18,12,12,Mild,Moderate,Mild,2,Moderate
38,2,1,5,2,0,2,1,1,1,1,1,1,8,2,0,0,1,1,2,2,0,6,3,1,2,2,2,2,2,2,13,4,16,12,26,Mild,Moderate,Severe,3,High
36,2,1,5,2,0,2,1,1,1,1,1,1,8,2,1,0,0,1,1,1,1,5,2,0,1,1,0,2,0,0,4,1,16,10,8,Mild,Moderate,Normal,2,Moderate
27,2,1,5,2,0,2,1,2,1,1,2,3,12,3,0,1,1,1,1,0,0,4,2,1,1,2,2,1,2,2,11,4,24,8,22,Moderate,Mild,Severe,3,High
25,2,1,5,2,0,2,1,2,2,0,1,3,11,3,1,1,0,3,2,0,1,8,4,0,0,1,3,3,3,2,12,4,22,16,24,Moderate,Severe,Severe,3,High
51,1,1,5,2,0,2,1,2,0,1,2,0,8,2,1,0,2,1,1,2,0,7,3,0,1,2,1,1,0,0,5,2,16,14,10,Mild,Moderate,Mild,2,Moderate
50,1,1,5,2,0,2,1,0,1,1,2,2,9,2,1,0,1,2,0,0,1,5,2,0,0,2,2,2,0,0,6,2,18,10,12,Mild,Moderate,Mild,2,Moderate
41,1,1,5,2,0,2,1,3,2,3,2,1,14,4,2,1,2,1,1,2,1,10,5,2,1,2,2,3,2,1,13,4,28,20,26,Severe,Extremely Severe,Severe,4,High
38,1,1,5,2,0,2,1,2,2,2,3,2,14,4,0,0,1,2,0,0,0,3,1,0,0,2,2,0,2,0,6,2,28,6,12,Severe,Normal,Mild,3,High
27,1,0,5,2,0,2,1,1,1,1,1,3,10,3,1,0,1,1,1,1,1,6,3,1,1,1,1,1,1,0,6,2,20,12,12,Moderate,Moderate,Mild,2,Moderate
30,2,1,4,2,0,2,1,1,2,2,1,2,11,3,0,2,2,0,0,0,0,4,2,2,1,2,1,2,2,1,11,4,22,8,22,Moderate,Mild,Severe,3,High
30,2,1,4,2,0,2,1,2,1,3,2,1,12,3,2,2,1,2,2,0,0,9,4,3,1,2,1,1,2,2,12,4,24,18,24,Moderate,Severe,Severe,3,High
27,2,1,4,2,0,2,1,1,2,1,3,2,12,3,0,0,1,1,1,1,1,5,2,2,1,2,1,2,2,2,12,4,24,10,24,Moderate,Moderate,Severe,3,High
45,1,1,4,2,0,2,1,1,0,1,3,2,10,3,1,0,1,3,0,0,0,5,2,0,1,1,0,1,0,0,3,1,20,10,6,Moderate,Moderate,Normal,2,Moderate
41,1,1,4,2,0,2,1,2,1,1,2,1,10,3,1,2,0,1,2,1,1,8,4,1,1,1,2,1,2,1,9,3,20,16,18,Moderate,Severe,Moderate,3,High
38,1,1,4,2,0,2,1,1,0,0,0,0,4,1,2,1,1,1,0,0,0,5,2,0,0,1,1,1,1,1,5,2,8,10,10,Normal,Moderate,Mild,2,Moderate
37,1,1,4,2,0,2,1,2,0,2,3,2,12,3,1,0,1,1,1,2,0,6,3,3,3,2,1,1,1,3,14,5,24,12,28,Moderate,Moderate,Extremely Severe,4,High
36,1,1,4,2,0,2,1,2,3,0,2,1,11,3,0,0,0,2,0,0,0,2,1,1,2,0,2,1,0,0,6,2,22,4,12,Moderate,Normal,Mild,2,Moderate
36,1,1,4,2,0,2,1,3,1,2,0,2,11,3,0,0,0,1,1,1,0,3,1,1,2,1,3,1,3,0,11,4,22,6,22,Moderate,Normal,Severe,3,High
35,1,1,4,2,0,2,1,2,2,2,3,1,13,4,2,0,0,2,1,2,1,8,4,0,0,0,1,0,0,0,1,1,26,16,2,Severe,Severe,Normal,3,High
35,1,1,4,2,0,2,1,0,3,0,3,3,12,3,2,0,0,0,0,3,3,8,4,2,2,1,1,2,2,1,11,4,24,16,22,Moderate,Severe,Severe,3,High
33,1,1,4,2,0,2,1,2,2,0,1,3,11,3,1,1,0,3,1,0,1,7,3,0,0,1,3,3,3,3,13,4,22,14,26,Moderate,Moderate,Severe,3,High
32,1,1,4,2,0,2,1,2,2,0,1,3,11,3,1,1,0,3,1,0,1,7,3,0,0,1,3,3,3,3,13,4,22,14,26,Moderate,Moderate,Severe,3,High
32,1,1,4,2,0,2,1,2,2,0,1,3,11,3,1,1,0,3,1,0,1,7,3,0,0,1,3,3,3,3,13,4,22,14,26,Moderate,Moderate,Severe,3,High
30,1,1,4,2,0,2,1,3,3,1,0,2,12,3,2,0,0,2,1,2,1,8,4,2,1,2,3,2,1,3,14,5,24,16,28,Moderate,Severe,Extremely Severe,4,High
25,1,0,4,2,0,2,1,3,1,1,2,2,12,3,3,1,1,2,1,1,1,10,5,1,2,0,2,1,1,1,8,3,24,20,16,Moderate,Extremely Severe,Moderate,4,High
20,1,0,4,2,0,2,1,3,1,2,1,2,12,3,0,0,0,0,0,0,0,0,1,2,3,1,2,1,2,2,13,4,24,0,26,Moderate,Normal,Severe,3,High
49,1,1,3,2,0,2,1,1,0,0,1,1,6,1,3,2,0,1,2,1,0,9,4,1,3,1,2,1,0,3,11,4,12,18,22,Normal,Severe,Severe,3,High
44,1,1,3,2,0,2,1,1,3,1,2,3,13,4,2,0,2,0,1,0,1,6,3,0,1,3,0,0,0,0,4,1,26,12,8,Severe,Moderate,Normal,3,High
26,1,0,3,2,0,2,1,0,1,0,2,1,7,1,0,0,1,0,1,3,0,5,2,0,0,0,0,0,0,0,0,1,14,10,0,Normal,Moderate,Normal,2,Moderate
25,1,0,3,2,0,2,1,2,2,1,0,0,8,2,0,2,2,0,2,2,0,8,4,2,2,2,0,0,0,0,6,2,16,16,12,Mild,Severe,Mild,3,High
59,1,1,2,2,0,2,1,1,1,1,1,1,8,2,0,0,3,0,0,0,0,3,1,3,2,3,3,3,3,3,20,5,16,6,40,Mild,Normal,Extremely Severe,4,High
52,1,1,2,2,0,2,1,3,0,1,2,3,12,3,0,2,1,3,1,2,1,10,5,2,1,2,1,2,1,2,11,4,24,20,22,Moderate,Extremely Severe,Severe,4,High
48,1,1,2,2,0,2,1,2,1,1,1,1,9,2,1,0,0,1,0,1,0,3,1,0,1,1,1,1,0,0,4,1,18,6,8,Mild,Normal,Normal,1,Low
34,1,1,2,2,0,2,1,1,1,0,1,1,7,1,1,1,2,1,1,1,2,9,4,3,2,1,1,1,1,1,10,3,14,18,20,Normal,Severe,Moderate,3,High
34,1,1,2,2,0,2,1,0,0,1,1,2,7,1,0,0,0,0,2,2,2,6,3,0,3,2,1,1,3,3,13,4,14,12,26,Normal,Moderate,Severe,3,High
24,2,1,1,2,0,2,1,2,1,1,2,2,11,3,1,1,1,0,1,1,1,6,3,0,0,0,1,1,0,0,2,1,22,12,4,Moderate,Moderate,Normal,2,Moderate
80,1,1,1,2,0,2,1,0,2,0,3,2,10,3,1,0,0,2,0,0,0,3,1,0,1,2,2,0,0,0,5,2,20,6,10,Moderate,Normal,Mild,2,Moderate
65,1,1,1,2,0,2,1,1,1,1,2,2,10,3,1,1,1,2,1,1,1,8,4,1,1,1,0,2,1,0,6,2,20,16,12,Moderate,Severe,Mild,3,High
62,1,1,1,2,0,2,1,1,1,1,1,2,9,2,1,1,1,1,1,2,0,7,3,0,1,0,1,1,1,1,5,2,18,14,10,Mild,Moderate,Mild,2,Moderate
52,1,1,1,2,0,2,1,0,0,0,1,2,6,1,0,0,0,0,0,0,0,0,1,0,1,2,2,1,1,2,9,3,12,0,18,Normal,Normal,Moderate,2,Moderate
46,1,1,1,2,0,2,1,1,1,2,1,1,9,2,1,1,1,1,1,1,1,7,3,1,1,2,1,1,0,0,6,2,18,14,12,Mild,Moderate,Mild,2,Moderate
38,2,1,4,1,0,2,1,0,1,1,1,0,6,1,0,1,0,0,0,1,0,2,1,1,0,0,0,1,0,0,2,1,12,4,4,Normal,Normal,Normal,0,Low
25,2,1,4,1,0,2,1,0,0,0,0,1,4,1,0,1,0,0,0,0,1,2,1,1,1,1,0,0,1,1,5,2,8,4,10,Normal,Normal,Mild,1,Low
29,2,1,3,1,0,2,1,2,2,3,2,2,14,4,0,2,0,0,0,0,0,2,1,1,2,1,1,1,2,1,9,3,28,4,18,Severe,Normal,Moderate,3,High
29,2,1,3,1,0,2,1,1,1,1,0,0,6,1,1,0,0,2,1,1,0,5,2,2,2,1,2,3,1,0,11,4,12,10,22,Normal,Moderate,Severe,3,High
26,2,1,3,1,0,2,1,0,1,1,2,2,9,2,1,0,1,2,0,0,1,5,2,2,0,0,0,0,0,0,2,1,18,10,4,Mild,Moderate,Normal,2,Moderate
25,2,1,3,1,0,2,1,2,0,1,2,0,8,2,1,0,2,1,1,2,0,7,3,0,1,2,1,1,0,0,5,2,16,14,10,Mild,Moderate,Mild,2,Moderate
23,2,1,3,1,0,2,1,2,1,1,1,1,9,2,1,0,0,1,0,1,0,3,1,0,1,1,1,1,0,0,4,1,18,6,8,Mild,Normal,Normal,1,Low
20,2,1,3,1,0,2,1,0,3,3,2,3,14,4,0,0,0,0,0,1,1,2,1,1,0,0,3,0,1,1,6,2,28,4,12,Severe,Normal,Mild,3,High
20,2,1,3,1,0,2,1,2,1,1,2,2,11,3,1,0,1,2,1,1,1,7,3,1,2,3,2,2,1,1,12,4,22,14,24,Moderate,Moderate,Severe,3,High
20,2,1,3,1,0,2,1,2,1,1,2,2,11,3,1,0,1,2,1,1,1,7,3,1,2,3,2,2,1,1,12,4,22,14,24,Moderate,Moderate,Severe,3,High
19,2,1,3,1,0,2,1,1,1,1,1,1,8,2,0,0,0,0,0,0,0,0,1,3,1,2,3,1,2,0,12,4,16,0,24,Mild,Normal,Severe,3,High
18,2,1,3,1,0,2,1,2,1,3,1,2,12,3,0,0,0,1,0,1,1,3,1,2,2,1,2,2,3,2,14,5,24,6,28,Moderate,Normal,Extremely Severe,4,High
60,2,1,2,1,0,2,1,2,2,3,2,2,14,4,2,0,0,0,0,0,0,2,1,1,2,1,1,1,2,1,9,3,28,4,18,Severe,Normal,Moderate,3,High
60,2,1,2,1,0,2,1,1,1,1,0,0,6,1,1,0,0,2,1,1,0,5,2,2,2,1,2,3,1,0,11,4,12,10,22,Normal,Moderate,Severe,3,High
59,2,1,2,1,0,2,1,2,1,2,2,2,12,3,0,0,2,0,0,0,0,2,1,1,2,1,2,2,2,1,11,4,24,4,22,Moderate,Normal,Severe,3,High
58,2,1,2,1,0,2,1,2,1,2,2,2,12,3,0,2,2,2,2,0,0,8,4,2,2,1,2,1,2,2,12,4,24,16,24,Moderate,Severe,Severe,3,High
56,2,1,2,1,0,2,1,1,1,1,1,1,8,2,1,0,1,0,0,1,1,4,2,1,2,3,1,2,1,2,12,4,16,8,24,Mild,Mild,Severe,3,High
35,2,1,2,1,0,2,1,0,0,2,1,0,6,1,1,1,1,2,1,2,2,10,5,0,0,0,0,2,2,2,6,2,12,20,12,Normal,Extremely Severe,Mild,4,High
24,2,1,2,1,0,2,1,2,2,1,2,1,11,3,1,2,2,2,1,1,1,10,5,2,1,2,1,2,1,2,11,4,22,20,22,Moderate,Extremely Severe,Severe,4,High
22,2,1,2,1,0,2,1,2,2,2,1,2,12,3,1,0,1,1,1,2,1,7,3,0,0,1,1,0,0,0,2,1,24,14,4,Moderate,Moderate,Normal,2,Moderate
58,2,1,1,1,0,2,1,2,3,2,2,1,13,4,0,0,2,2,2,2,0,8,4,0,0,0,0,2,2,2,6,2,26,16,12,Severe,Severe,Mild,3,High
56,2,1,1,1,0,2,1,2,2,1,0,1,9,2,2,1,2,0,1,2,0,8,4,0,0,2,2,2,0,0,6,2,18,16,12,Mild,Severe,Mild,3,High
55,2,1,1,1,0,2,1,2,2,1,1,2,11,3,3,2,1,0,0,2,2,10,5,3,2,1,2,1,2,2,13,4,22,20,26,Moderate,Extremely Severe,Severe,4,High
51,2,1,1,1,0,2,1,3,1,0,3,1,11,3,2,1,3,1,2,0,1,10,5,2,1,3,1,0,3,0,10,3,22,20,20,Moderate,Extremely Severe,Moderate,4,High
18,2,0,4,1,1,1,1,1,1,1,1,1,7,1,1,1,1,1,1,0,0,5,2,1,0,1,2,0,0,1,5,2,14,10,10,Normal,Moderate,Mild,2,Moderate
82,1,1,1,6,1,1,1,2,1,1,3,1,10,3,0,0,0,0,2,2,0,4,2,1,1,1,1,2,3,3,12,4,20,8,24,Moderate,Mild,Severe,3,High
38,1,1,2,5,1,1,1,2,1,3,3,2,13,4,1,0,1,0,1,1,0,4,2,0,2,3,1,1,1,1,9,3,26,8,18,Severe,Mild,Moderate,3,High
21,2,1,5,4,1,1,1,2,1,1,1,1,8,2,2,1,0,1,1,1,1,7,3,0,0,0,1,1,1,1,4,1,16,14,8,Mild,Moderate,Normal,2,Moderate
20,2,1,5,4,1,1,1,1,1,1,1,1,7,1,0,0,0,0,0,0,0,0,1,0,0,0,1,0,1,0,2,1,14,0,4,Normal,Normal,Normal,0,Low
33,1,1,5,4,1,1,1,2,1,1,3,1,10,3,2,0,0,0,2,2,2,8,4,1,3,2,2,3,3,3,17,5,20,16,34,Moderate,Severe,Extremely Severe,4,High
22,2,0,5,4,1,1,1,0,0,0,1,1,4,1,1,1,0,1,0,0,0,3,1,1,1,0,1,0,0,0,3,1,8,6,6,Normal,Normal,Normal,0,Low
21,2,0,5,4,1,1,1,0,0,1,1,1,5,1,0,1,1,0,0,1,0,3,1,0,0,0,1,1,1,1,4,1,10,6,8,Normal,Normal,Normal,0,Low
20,2,0,5,4,1,1,1,1,1,1,1,1,7,1,0,0,0,0,0,0,0,0,1,0,0,0,0,0,0,0,0,1,14,0,0,Normal,Normal,Normal,0,Low
20,2,0,5,4,1,1,1,1,1,1,1,1,7,1,0,0,0,0,0,0,0,0,1,0,0,0,0,0,0,0,0,1,14,0,0,Normal,Normal,Normal,0,Low
20,2,0,5,4,1,1,1,1,1,1,1,1,7,1,0,0,0,0,0,1,0,1,1,0,0,0,0,0,0,0,0,1,14,2,0,Normal,Normal,Normal,0,Low
20,2,0,5,4,1,1,1,1,1,1,1,1,7,1,0,0,0,0,0,1,0,1,1,0,0,0,0,0,0,0,0,1,14,2,0,Normal,Normal,Normal,0,Low
20,2,0,5,4,1,1,1,1,1,1,1,1,7,1,1,0,0,0,0,0,0,1,1,0,0,0,0,0,0,0,0,1,14,2,0,Normal,Normal,Normal,0,Low
20,2,0,5,4,1,1,1,1,1,1,1,1,7,1,0,0,1,0,0,0,0,1,1,0,0,1,0,0,0,0,1,1,14,2,2,Normal,Normal,Normal,0,Low
20,2,0,5,4,1,1,1,1,1,1,1,1,7,1,0,0,0,1,0,1,0,2,1,0,0,1,0,0,0,0,1,1,14,4,2,Normal,Normal,Normal,0,Low
20,2,0,5,4,1,1,1,1,1,1,1,1,7,1,0,0,0,0,0,0,0,0,1,0,0,0,1,1,0,0,2,1,14,0,4,Normal,Normal,Normal,0,Low
20,2,0,5,4,1,1,1,1,1,1,1,1,7,1,0,0,0,1,0,0,0,1,1,0,0,1,0,1,0,0,2,1,14,2,4,Normal,Normal,Normal,0,Low
20,2,0,5,4,1,1,1,1,1,1,1,1,7,1,0,1,0,0,0,0,0,1,1,0,0,1,0,0,1,0,2,1,14,2,4,Normal,Normal,Normal,0,Low
20,2,0,5,4,1,1,1,1,1,1,1,1,7,1,1,0,0,0,0,0,0,1,1,0,1,1,1,0,0,0,3,1,14,2,6,Normal,Normal,Normal,0,Low
20,2,0,5,4,1,1,1,1,1,2,1,1,8,2,1,1,1,0,1,0,0,4,2,3,1,2,2,2,3,1,14,5,16,8,28,Mild,Mild,Extremely Severe,4,High
20,2,0,5,4,1,1,1,1,2,2,3,1,11,3,0,0,0,0,3,0,0,3,1,0,2,2,0,0,0,0,4,1,22,6,8,Moderate,Normal,Normal,2,Moderate
20,2,0,5,4,1,1,1,2,3,2,2,3,14,4,0,0,0,0,1,0,0,1,1,3,3,2,2,3,3,3,19,5,28,2,38,Severe,Normal,Extremely Severe,4,High
21,2,1,4,4,1,1,1,3,3,1,1,3,13,4,1,1,1,1,1,1,1,7,3,3,1,3,3,3,2,3,18,5,26,14,36,Severe,Moderate,Extremely Severe,4,High
35,1,1,4,4,1,1,1,0,1,0,3,1,7,1,0,0,0,2,2,0,0,4,2,0,1,3,1,2,1,2,10,3,14,8,20,Normal,Mild,Moderate,2,Moderate
32,1,1,4,4,1,1,1,1,2,1,1,1,8,2,0,0,0,0,0,0,3,3,1,0,1,1,3,1,1,1,8,3,16,6,16,Mild,Normal,Moderate,2,Moderate
22,2,0,4,4,1,1,1,1,1,2,1,1,8,2,1,2,1,1,1,2,2,10,5,2,1,0,2,1,2,1,9,3,16,20,18,Mild,Extremely Severe,Moderate,4,High
21,2,0,4,4,1,1,1,1,2,1,1,1,8,2,0,0,0,2,2,2,0,6,3,0,2,0,2,0,0,1,5,2,16,12,10,Mild,Moderate,Mild,2,Moderate
21,2,0,4,4,1,1,1,1,2,1,1,1,8,2,0,1,0,2,2,2,2,9,4,2,1,2,2,1,2,2,12,4,16,18,24,Mild,Severe,Severe,3,High
21,2,0,4,4,1,1,1,1,1,1,1,2,8,2,0,0,0,3,1,0,2,6,3,2,2,1,2,2,2,2,13,4,16,12,26,Mild,Moderate,Severe,3,High
21,2,0,4,4,1,1,1,1,1,1,2,1,8,2,0,0,0,0,0,0,2,2,1,1,1,3,2,1,3,3,14,5,16,4,28,Mild,Normal,Extremely Severe,4,High
21,2,0,4,4,1,1,1,2,1,1,1,1,8,2,0,0,0,1,0,0,0,1,1,3,3,3,2,3,3,3,20,5,16,2,40,Mild,Normal,Extremely Severe,4,High
20,2,0,4,4,1,1,1,1,1,1,1,2,8,2,2,1,1,1,1,1,1,8,4,1,1,2,3,2,2,2,13,4,16,16,26,Mild,Severe,Severe,3,High
20,2,0,4,4,1,1,1,1,1,1,2,1,8,2,1,1,1,1,1,1,1,7,3,3,2,3,3,2,2,3,18,5,16,14,36,Mild,Moderate,Extremely Severe,4,High
18,2,0,4,4,1,1,1,2,2,1,1,1,9,2,2,0,1,1,1,0,1,6,3,0,2,1,3,1,0,2,9,3,18,12,18,Mild,Moderate,Moderate,2,Moderate
18,2,0,4,4,1,1,1,2,1,1,1,1,8,2,0,0,3,0,0,0,0,3,1,1,1,1,3,0,0,3,9,3,16,6,18,Mild,Normal,Moderate,2,Moderate
17,2,0,3,4,1,1,1,1,1,1,2,1,8,2,3,0,1,2,2,0,1,9,4,0,0,0,0,2,2,2,6,2,16,18,12,Mild,Severe,Mild,3,High
16,2,0,3,4,1,1,1,2,2,1,1,1,9,2,2,2,2,2,0,0,0,8,4,3,1,1,3,3,3,3,17,5,18,16,34,Mild,Severe,Extremely Severe,4,High
30,2,1,2,4,1,1,1,1,2,1,1,1,8,2,0,0,2,0,0,0,0,2,1,1,1,1,2,1,3,3,12,4,16,4,24,Mild,Normal,Severe,3,High
20,2,1,2,4,1,1,1,1,1,2,1,1,8,2,1,0,0,1,1,0,1,4,2,1,0,3,2,1,3,3,13,4,16,8,26,Mild,Mild,Severe,3,High
16,2,0,2,4,1,1,1,1,1,2,1,1,8,2,1,1,1,1,1,1,1,7,3,1,1,2,2,2,3,3,14,5,16,14,28,Mild,Moderate,Extremely Severe,4,High
38,1,1,5,3,1,1,1,1,2,2,1,2,10,3,1,0,0,0,1,0,0,2,1,0,0,0,1,0,0,0,1,1,20,4,2,Moderate,Normal,Normal,2,Moderate
20,2,1,4,3,1,1,1,1,1,0,2,0,6,1,1,1,3,1,1,1,0,8,4,0,1,0,1,0,0,0,2,1,12,16,4,Normal,Severe,Normal,3,High
47,1,1,4,3,1,1,1,3,2,1,2,3,13,4,0,2,1,3,0,2,2,10,5,1,3,2,3,2,3,3,17,5,26,20,34,Severe,Extremely Severe,Extremely Severe,4,High
45,1,1,4,3,1,1,1,0,1,1,0,1,5,1,0,2,1,1,1,1,1,7,3,1,3,2,1,1,1,1,10,3,10,14,20,Normal,Moderate,Moderate,2,Moderate
40,1,1,4,3,1,1,1,2,2,1,1,1,9,2,2,2,2,2,0,0,0,8,4,0,1,1,3,0,3,3,11,4,18,16,22,Mild,Severe,Severe,3,High
40,1,1,4,3,1,1,1,1,1,1,1,2,8,2,0,2,2,0,0,0,0,4,2,1,1,2,2,1,3,3,13,4,16,8,26,Mild,Mild,Severe,3,High
38,1,1,4,3,1,1,1,1,1,1,2,1,8,2,1,0,0,0,0,0,2,3,1,1,3,1,2,2,1,1,11,4,16,6,22,Mild,Normal,Severe,3,High
38,1,1,4,3,1,1,1,0,0,0,0,3,5,1,1,1,1,1,2,2,1,9,4,0,0,2,2,2,2,0,8,3,10,18,16,Normal,Severe,Moderate,3,High
37,1,1,4,3,1,1,1,1,1,1,2,1,8,2,0,2,1,0,0,0,0,3,1,1,1,3,2,1,0,1,9,3,16,6,18,Mild,Normal,Moderate,2,Moderate
37,1,1,4,3,1,1,1,2,2,1,1,1,9,2,1,1,1,2,1,0,1,7,3,1,2,3,3,2,3,3,17,5,18,14,34,Mild,Moderate,Extremely Severe,4,High
35,1,1,4,3,1,1,1,1,1,2,1,1,8,2,2,0,3,1,1,2,1,10,5,1,1,3,1,1,1,1,9,3,16,20,18,Mild,Extremely Severe,Moderate,4,High
33,1,1,4,3,1,1,1,1,1,2,1,1,8,2,2,2,0,2,0,0,0,6,3,0,1,3,1,0,2,1,8,3,16,12,16,Mild,Moderate,Moderate,2,Moderate
30,1,1,4,3,1,1,1,1,2,2,1,2,10,3,0,0,1,1,0,1,0,3,1,0,1,1,0,3,1,1,7,3,20,6,14,Moderate,Normal,Moderate,2,Moderate
30,1,1,4,3,1,1,1,1,1,2,1,2,9,2,3,0,0,1,2,1,0,7,3,2,2,2,0,0,0,0,6,2,18,14,12,Mild,Moderate,Mild,2,Moderate
28,1,1,4,3,1,1,1,1,1,2,1,1,8,2,3,3,2,0,0,0,0,8,4,1,2,2,2,2,3,2,14,5,16,16,28,Mild,Severe,Extremely Severe,4,High
36,2,1,3,3,1,1,1,1,1,2,1,1,8,2,1,0,1,1,0,1,0,4,2,2,0,0,2,1,0,0,5,2,16,8,10,Mild,Mild,Mild,1,Low
53,1,1,3,3,1,1,1,1,1,2,1,1,8,2,0,0,0,2,2,2,0,6,3,1,1,1,1,1,0,1,6,2,16,12,12,Mild,Moderate,Mild,2,Moderate
50,1,1,3,3,1,1,1,3,3,3,3,3,17,5,1,0,0,1,3,1,1,7,3,0,1,1,3,1,0,0,6,2,34,14,12,Extremely Severe,Moderate,Mild,4,High
45,1,1,3,3,1,1,1,1,1,0,1,1,6,1,1,0,2,3,1,1,1,9,4,1,1,0,0,1,1,1,5,2,12,18,10,Normal,Severe,Mild,3,High
43,1,1,3,3,1,1,1,1,1,1,2,1,8,2,2,0,1,2,0,1,0,6,3,1,2,1,1,1,0,0,6,2,16,12,12,Mild,Moderate,Mild,2,Moderate
42,1,1,3,3,1,1,1,2,3,2,3,1,13,4,0,0,0,1,1,0,1,3,1,0,1,0,2,1,1,0,5,2,26,6,10,Severe,Normal,Mild,3,High
33,1,1,3,3,1,1,1,2,0,0,1,0,5,1,1,0,0,1,0,0,0,2,1,0,1,0,1,1,0,0,3,1,10,4,6,Normal,Normal,Normal,0,Low
25,1,1,3,3,1,1,1,2,1,1,0,2,8,2,1,0,0,0,0,1,1,3,1,0,0,1,2,0,1,1,5,2,16,6,10,Mild,Normal,Mild,1,Low
26,1,0,2,3,1,1,1,1,1,1,2,1,8,2,2,0,0,2,1,0,1,6,3,0,1,0,1,0,0,0,2,1,16,12,4,Mild,Moderate,Normal,2,Moderate
64,1,1,1,3,1,1,1,1,1,1,2,1,8,2,1,0,1,2,2,2,1,9,4,2,1,1,1,2,2,1,10,3,16,18,20,Mild,Severe,Moderate,3,High
55,1,1,1,3,1,1,1,2,2,2,1,1,10,3,1,0,1,1,1,1,0,5,2,0,0,1,1,1,1,0,4,1,20,10,8,Moderate,Moderate,Normal,2,Moderate
52,1,1,1,3,1,1,1,2,1,0,1,1,7,1,1,0,1,1,0,1,1,5,2,0,1,0,1,0,0,0,2,1,14,10,4,Normal,Moderate,Normal,2,Moderate
34,2,1,5,2,1,1,1,2,3,2,2,1,12,3,1,1,1,1,1,1,1,7,3,1,1,3,3,3,3,3,17,5,24,14,34,Moderate,Moderate,Extremely Severe,4,High
28,2,1,5,2,1,1,1,2,2,1,2,3,12,3,0,0,0,3,1,3,1,8,4,0,2,3,3,3,3,3,17,5,24,16,34,Moderate,Severe,Extremely Severe,4,High
27,2,1,5,2,1,1,1,0,1,2,0,0,5,1,1,0,0,1,2,1,0,5,2,0,2,1,1,0,1,0,5,2,10,10,10,Normal,Moderate,Mild,2,Moderate
18,2,1,5,2,1,1,1,1,1,2,1,1,8,2,0,0,0,0,0,0,3,3,1,1,2,2,3,3,3,3,17,5,16,6,34,Mild,Normal,Extremely Severe,4,High
36,1,1,5,2,1,1,1,3,1,1,3,1,11,3,0,1,0,3,1,0,1,6,3,0,0,0,0,1,1,1,3,1,22,12,6,Moderate,Moderate,Normal,2,Moderate
35,1,1,5,2,1,1,1,1,2,0,1,0,6,1,1,0,0,0,1,1,0,3,1,1,2,0,2,0,0,0,5,2,12,6,10,Normal,Normal,Mild,1,Low
35,1,1,5,2,1,1,1,1,2,1,1,2,9,2,0,0,2,2,1,0,0,5,2,0,0,0,1,2,1,2,6,2,18,10,12,Mild,Moderate,Mild,2,Moderate
35,1,1,5,2,1,1,1,1,2,1,1,1,8,2,0,0,1,1,0,0,1,3,1,0,0,0,1,1,1,1,4,1,16,6,8,Mild,Normal,Normal,1,Low
30,1,1,5,2,1,1,1,1,1,1,2,1,8,2,0,0,0,0,0,1,1,2,1,0,1,0,0,0,0,1,2,1,16,4,4,Mild,Normal,Normal,1,Low
28,1,1,5,2,1,1,1,1,1,2,3,1,10,3,2,1,1,1,3,1,1,10,5,1,1,1,3,1,1,3,11,4,20,20,22,Moderate,Extremely Severe,Severe,4,High
28,1,0,5,2,1,1,1,0,0,1,3,2,8,2,3,0,1,1,0,0,1,6,3,1,2,3,2,2,1,3,14,5,16,12,28,Mild,Moderate,Extremely Severe,4,High
39,2,1,4,2,1,1,1,0,3,1,3,2,11,3,0,0,0,2,0,0,0,2,1,2,0,1,1,1,3,3,11,4,22,4,22,Moderate,Normal,Severe,3,High
27,2,1,4,2,1,1,1,1,2,1,3,2,11,3,2,2,0,2,0,0,0,6,3,2,1,1,2,1,1,1,9,3,22,12,18,Moderate,Moderate,Moderate,2,Moderate
25,2,1,4,2,1,1,1,2,1,1,1,1,8,2,2,0,2,1,1,2,1,9,4,1,1,2,1,1,2,2,10,3,16,18,20,Mild,Severe,Moderate,3,High
24,2,1,4,2,1,1,1,1,2,0,3,3,11,3,0,0,1,2,0,1,1,5,2,3,3,0,2,2,0,0,10,3,22,10,20,Moderate,Moderate,Moderate,2,Moderate
24,2,1,4,2,1,1,1,1,2,0,3,3,11,3,3,0,3,2,0,1,1,10,5,3,3,0,2,2,0,0,10,3,22,20,20,Moderate,Extremely Severe,Moderate,4,High
22,2,1,4,2,1,1,1,1,2,1,1,1,8,2,1,1,0,1,0,1,0,4,2,0,1,1,1,1,1,1,6,2,16,8,12,Mild,Mild,Mild,1,Low
48,1,1,4,2,1,1,1,1,2,1,1,1,8,2,0,0,1,1,1,0,0,3,1,0,0,1,1,1,1,0,4,1,16,6,8,Mild,Normal,Normal,1,Low
40,1,1,4,2,1,1,1,1,1,1,2,2,9,2,2,1,2,1,1,0,2,9,4,1,1,2,2,1,1,2,10,3,18,18,20,Mild,Severe,Moderate,3,High
35,1,1,4,2,1,1,1,2,1,1,2,1,9,2,0,0,0,0,0,0,0,0,1,1,2,2,2,1,1,1,10,3,18,0,20,Mild,Normal,Moderate,2,Moderate
33,1,1,4,2,1,1,1,1,2,1,1,1,8,2,0,0,0,1,0,1,0,2,1,3,3,1,1,1,1,1,11,4,16,4,22,Mild,Normal,Severe,3,High
33,1,1,4,2,1,1,1,3,3,3,3,3,17,5,2,0,0,0,0,0,0,2,1,1,2,3,3,1,1,2,13,4,34,4,26,Extremely Severe,Normal,Severe,4,High
30,1,1,4,2,1,1,1,1,1,1,2,1,8,2,1,0,0,0,0,3,1,5,2,3,0,2,3,1,2,1,12,4,16,10,24,Mild,Moderate,Severe,3,High
30,1,1,4,2,1,1,1,1,2,1,1,1,8,2,0,0,0,1,1,1,0,3,1,0,0,0,2,2,2,0,6,2,16,6,12,Mild,Normal,Mild,1,Low
30,1,1,4,2,1,1,1,1,1,1,2,1,8,2,0,0,0,0,3,0,0,3,1,1,3,3,2,3,3,3,18,5,16,6,36,Mild,Normal,Extremely Severe,4,High
22,1,0,4,2,1,1,1,2,2,0,3,1,10,3,1,2,1,1,1,1,2,9,4,1,0,1,2,1,1,0,6,2,20,18,12,Moderate,Severe,Mild,3,High
21,1,0,4,2,1,1,1,1,1,1,1,2,8,2,2,0,0,0,0,0,0,2,1,2,2,3,2,3,2,0,14,5,16,4,28,Mild,Normal,Extremely Severe,4,High
20,1,0,4,2,1,1,1,1,1,3,3,1,11,3,1,1,1,1,1,3,1,9,4,3,3,3,3,3,3,3,21,5,22,18,42,Moderate,Severe,Extremely Severe,4,High
48,1,1,3,2,1,1,1,2,2,1,3,3,13,4,1,1,1,1,1,1,0,6,3,0,0,2,1,0,1,1,5,2,26,12,10,Severe,Moderate,Mild,3,High
45,1,1,3,2,1,1,1,1,1,0,1,1,6,1,1,1,0,1,0,1,0,4,2,1,0,2,1,0,1,1,6,2,12,8,12,Normal,Mild,Mild,1,Low
39,1,1,3,2,1,1,1,1,1,1,1,0,6,1,0,0,0,1,1,0,0,2,1,3,1,1,1,1,0,0,7,3,12,4,14,Normal,Normal,Moderate,2,Moderate
35,1,1,3,2,1,1,1,3,2,0,3,3,13,4,0,0,0,2,2,2,2,8,4,0,2,2,2,0,0,2,8,3,26,16,16,Severe,Severe,Moderate,3,High
30,1,1,3,2,1,1,1,1,2,2,1,2,10,3,1,1,1,2,1,1,1,8,4,1,1,2,1,2,1,1,9,3,20,16,18,Moderate,Severe,Moderate,3,High
29,1,1,3,2,1,1,1,1,2,1,1,1,8,2,0,0,2,0,2,0,0,4,2,1,0,0,3,1,0,0,5,2,16,8,10,Mild,Mild,Mild,1,Low
27,1,0,3,2,1,1,1,1,2,1,1,1,8,2,0,0,3,3,0,0,0,6,3,1,1,1,1,1,1,1,7,3,16,12,14,Mild,Moderate,Moderate,2,Moderate
25,1,0,3,2,1,1,1,3,1,1,3,3,13,4,0,0,0,3,0,1,3,7,3,1,3,1,0,0,3,0,8,3,26,14,16,Severe,Moderate,Moderate,3,High
24,1,0,3,2,1,1,1,1,2,1,1,1,8,2,2,0,0,1,1,1,2,7,3,0,1,0,1,0,1,1,4,1,16,14,8,Mild,Moderate,Normal,2,Moderate
24,1,0,3,2,1,1,1,1,1,1,2,1,8,2,0,1,0,0,0,1,0,2,1,0,2,1,1,2,2,1,9,3,16,4,18,Mild,Normal,Moderate,2,Moderate
23,1,0,3,2,1,1,1,2,1,2,2,1,10,3,1,0,0,1,2,1,1,6,3,2,2,0,1,1,1,1,8,3,20,12,16,Moderate,Moderate,Moderate,2,Moderate
22,1,0,3,2,1,1,1,2,0,0,2,2,8,2,0,0,0,2,0,1,0,3,1,0,2,0,1,0,2,1,6,2,16,6,12,Mild,Normal,Mild,1,Low
22,1,0,3,2,1,1,1,1,1,0,2,2,8,2,1,0,0,1,1,1,1,5,2,1,2,1,1,1,1,2,9,3,16,10,18,Mild,Moderate,Moderate,2,Moderate
21,1,0,3,2,1,1,1,2,1,1,2,1,9,2,2,1,1,1,2,1,0,8,4,1,1,1,1,1,2,1,8,3,18,16,16,Mild,Severe,Moderate,3,High
19,1,0,3,2,1,1,1,0,1,0,1,1,5,1,1,0,1,0,0,1,0,3,1,1,1,1,1,1,1,1,7,3,10,6,14,Normal,Normal,Moderate,2,Moderate
30,2,1,2,2,1,1,1,1,1,3,2,0,9,2,1,1,1,1,1,3,1,9,4,0,1,0,1,1,1,1,5,2,18,18,10,Mild,Severe,Mild,3,High
35,1,1,2,2,1,1,1,0,0,0,1,0,3,1,0,0,0,0,0,0,0,0,1,0,1,1,0,0,0,0,2,1,6,0,4,Normal,Normal,Normal,0,Low
32,1,1,2,2,1,1,1,0,1,1,1,0,5,1,0,0,1,1,1,1,1,5,2,0,0,0,1,1,0,0,2,1,10,10,4,Normal,Moderate,Normal,2,Moderate
33,2,1,1,2,1,1,1,1,2,0,0,3,8,2,0,0,3,0,3,3,0,9,4,0,0,0,1,1,0,0,2,1,16,18,4,Mild,Severe,Normal,3,High
28,1,1,1,2,1,1,1,1,2,2,2,1,10,3,1,1,1,1,1,1,1,7,3,0,0,0,1,0,1,0,2,1,20,14,4,Moderate,Moderate,Normal,2,Moderate
27,2,1,5,1,1,1,1,1,2,1,1,1,8,2,0,0,0,2,1,0,0,3,1,0,3,3,3,3,0,0,12,4,16,6,24,Mild,Normal,Severe,3,High
44,1,1,5,1,1,1,1,1,1,2,1,1,8,2,0,0,2,2,2,2,2,10,5,1,1,1,2,2,1,1,9,3,16,20,18,Mild,Extremely Severe,Moderate,4,High
22,2,0,5,1,1,1,1,1,1,2,1,1,8,2,1,0,0,3,2,0,0,6,3,1,3,0,3,2,0,2,11,4,16,12,22,Mild,Moderate,Severe,3,High
20,2,0,5,1,1,1,1,1,2,1,1,1,8,2,0,0,1,2,0,0,0,3,1,2,2,2,0,0,0,0,6,2,16,6,12,Mild,Normal,Mild,1,Low
42,2,1,4,1,1,1,1,3,2,2,2,1,12,3,1,1,1,1,1,1,0,6,3,1,2,3,1,2,3,1,13,4,24,12,26,Moderate,Moderate,Severe,3,High
34,2,1,4,1,1,1,1,1,1,1,2,1,8,2,2,0,0,0,2,2,2,8,4,1,2,1,3,2,1,2,12,4,16,16,24,Mild,Severe,Severe,3,High
33,2,1,4,1,1,1,1,1,1,1,1,1,7,1,0,0,0,0,0,0,0,0,1,0,0,0,0,0,0,0,0,1,14,0,0,Normal,Normal,Normal,0,Low
30,2,1,4,1,1,1,1,2,1,2,2,0,9,2,0,0,1,0,0,0,1,2,1,1,1,0,2,2,2,3,11,4,18,4,22,Mild,Normal,Severe,3,High
27,2,1,4,1,1,1,1,0,0,0,2,2,6,1,2,2,0,0,0,1,1,6,3,1,2,1,2,3,1,0,10,3,12,12,20,Normal,Moderate,Moderate,2,Moderate
26,2,1,4,1,1,1,1,1,0,0,0,0,3,1,1,1,2,2,1,0,0,7,3,0,1,1,1,1,1,0,5,2,6,14,10,Normal,Moderate,Mild,2,Moderate
26,2,1,4,1,1,1,1,1,2,1,1,1,8,2,1,0,0,2,2,2,2,9,4,1,1,2,2,2,2,2,12,4,16,18,24,Mild,Severe,Severe,3,High
25,2,1,4,1,1,1,1,3,2,3,3,3,16,4,1,0,0,1,1,1,1,5,2,0,1,1,3,0,0,0,5,2,32,10,10,Severe,Moderate,Mild,3,High
25,2,1,4,1,1,1,1,3,3,1,1,0,10,3,1,1,2,2,1,1,2,10,5,1,0,1,1,0,0,0,3,1,20,20,6,Moderate,Extremely Severe,Normal,4,High
25,2,1,4,1,1,1,1,2,0,0,1,1,6,1,0,0,0,1,0,0,0,1,1,0,1,1,0,2,1,1,6,2,12,2,12,Normal,Normal,Mild,1,Low
23,2,1,4,1,1,1,1,2,1,1,3,2,11,3,0,0,0,2,0,0,1,3,1,0,0,1,1,1,1,1,5,2,22,6,10,Moderate,Normal,Mild,2,Moderate
23,2,1,4,1,1,1,1,2,1,1,3,2,11,3,0,0,0,2,0,1,0,3,1,0,0,2,1,2,3,2,10,3,22,6,20,Moderate,Normal,Moderate,2,Moderate
22,2,1,4,1,1,1,1,2,1,1,1,1,8,2,0,0,0,1,2,0,0,3,1,3,2,0,3,0,1,2,11,4,16,6,22,Mild,Normal,Severe,3,High
22,2,1,4,1,1,1,1,1,2,1,1,1,8,2,0,0,0,1,1,1,0,3,1,0,0,0,0,2,2,0,4,1,16,6,8,Mild,Normal,Normal,1,Low
22,2,1,4,1,1,1,1,1,1,1,2,1,8,2,0,0,0,0,0,0,3,3,1,2,3,3,3,3,3,3,20,5,16,6,40,Mild,Normal,Extremely Severe,4,High
21,2,1,4,1,1,1,1,2,2,2,1,2,11,3,1,1,2,1,2,2,1,10,5,0,0,0,1,0,1,0,2,1,22,20,4,Moderate,Extremely Severe,Normal,4,High
21,2,1,4,1,1,1,1,1,1,2,1,1,8,2,0,0,0,1,1,1,1,4,2,1,1,1,2,2,2,2,11,4,16,8,22,Mild,Mild,Severe,3,High
20,2,1,4,1,1,1,1,1,0,0,0,1,4,1,0,0,0,0,2,0,2,4,2,0,0,0,1,1,1,0,3,1,8,8,6,Normal,Mild,Normal,1,Low
20,2,1,4,1,1,1,1,2,0,0,1,1,6,1,0,0,1,1,0,0,0,2,1,1,0,1,1,1,1,1,6,2,12,4,12,Normal,Normal,Mild,1,Low
19,2,1,4,1,1,1,1,1,1,0,1,0,5,1,0,0,0,0,1,0,0,1,1,1,0,0,0,1,0,0,2,1,10,2,4,Normal,Normal,Normal,0,Low
19,2,1,4,1,1,1,1,2,2,1,2,3,12,3,1,1,0,0,0,0,0,2,1,0,0,0,0,1,0,1,2,1,24,4,4,Moderate,Normal,Normal,2,Moderate
18,2,1,4,1,1,1,1,1,0,0,0,0,3,1,1,1,2,2,1,0,0,7,3,0,1,1,1,1,1,0,5,2,6,14,10,Normal,Moderate,Mild,2,Moderate
45,1,1,4,1,1,1,1,1,1,1,2,1,8,2,2,0,0,0,2,2,2,8,4,0,0,3,3,1,3,3,13,4,16,16,26,Mild,Severe,Severe,3,High
38,1,1,4,1,1,1,1,1,1,1,1,2,8,2,0,0,0,0,2,1,0,3,1,0,3,3,3,2,0,1,12,4,16,6,24,Mild,Normal,Severe,3,High
25,1,1,4,1,1,1,1,2,1,1,1,1,8,2,1,2,1,1,1,2,1,9,4,0,1,0,1,1,1,1,5,2,16,18,10,Mild,Severe,Mild,3,High
24,1,1,4,1,1,1,1,2,1,1,1,1,8,2,0,1,1,1,1,1,0,5,2,3,2,3,3,3,2,3,19,5,16,10,38,Mild,Moderate,Extremely Severe,4,High
32,2,0,4,1,1,1,1,2,1,1,1,1,8,2,0,0,1,2,0,0,0,3,1,0,3,3,3,2,0,1,12,4,16,6,24,Mild,Normal,Severe,3,High
18,2,0,4,1,1,1,1,1,1,1,1,2,8,2,1,0,0,3,2,0,0,6,3,1,3,0,3,2,0,2,11,4,16,12,22,Mild,Moderate,Severe,3,High
17,2,0,4,1,1,1,1,1,2,1,1,1,8,2,0,0,0,0,0,0,1,1,1,2,3,3,3,3,3,3,20,5,16,2,40,Mild,Normal,Extremely Severe,4,High
23,1,0,4,1,1,1,1,1,2,1,1,1,8,2,2,0,0,0,2,2,2,8,4,0,0,3,3,1,3,3,13,4,16,16,26,Mild,Severe,Severe,3,High
36,2,1,3,1,1,1,1,1,1,1,1,1,7,1,0,0,0,0,0,0,0,0,1,0,0,0,0,0,0,0,0,1,14,0,0,Normal,Normal,Normal,0,Low
35,2,1,3,1,1,1,1,1,0,0,1,0,4,1,0,0,1,0,0,0,0,1,1,0,0,1,0,0,0,0,1,1,8,2,2,Normal,Normal,Normal,0,Low
35,2,1,3,1,1,1,1,1,1,1,1,1,7,1,1,1,1,1,1,1,1,7,3,1,1,1,1,1,1,1,7,3,14,14,14,Normal,Moderate,Moderate,2,Moderate
35,2,1,3,1,1,1,1,1,1,2,1,1,8,2,0,0,3,0,3,3,0,9,4,1,0,0,2,3,3,3,12,4,16,18,24,Mild,Severe,Severe,3,High
33,2,1,3,1,1,1,1,1,0,0,0,0,3,1,1,1,2,2,1,0,0,7,3,0,1,1,1,1,1,0,5,2,6,14,10,Normal,Moderate,Mild,2,Moderate
32,2,1,3,1,1,1,1,1,0,0,0,0,3,1,1,1,2,2,1,0,0,7,3,0,1,1,1,1,1,1,6,2,6,14,12,Normal,Moderate,Mild,2,Moderate
30,2,1,3,1,1,1,1,3,2,2,2,3,14,4,2,0,0,2,1,1,1,7,3,1,1,3,3,3,3,3,17,5,28,14,34,Severe,Moderate,Extremely Severe,4,High
28,2,1,3,1,1,1,1,3,2,2,2,1,12,3,1,1,1,1,1,1,0,6,3,1,2,3,1,2,3,2,14,5,24,12,28,Moderate,Moderate,Extremely Severe,4,High
27,2,1,3,1,1,1,1,1,1,1,1,1,7,1,0,0,0,0,0,0,0,0,1,0,0,0,0,0,0,0,0,1,14,0,0,Normal,Normal,Normal,0,Low
27,2,1,3,1,1,1,1,1,1,2,1,1,8,2,0,0,3,3,0,0,0,6,3,2,1,2,1,2,1,2,11,4,16,12,22,Mild,Moderate,Severe,3,High
26,2,1,3,1,1,1,1,1,1,0,1,0,5,1,1,1,1,0,2,1,1,7,3,1,0,1,0,0,1,0,3,1,10,14,6,Normal,Moderate,Normal,2,Moderate
23,2,1,3,1,1,1,1,1,1,2,1,1,8,2,1,2,1,1,1,2,1,9,4,0,1,0,1,1,1,1,5,2,16,18,10,Mild,Severe,Mild,3,High
23,2,1,3,1,1,1,1,1,1,1,2,1,8,2,0,0,0,2,0,0,0,2,1,1,0,0,1,3,0,0,5,2,16,4,10,Mild,Normal,Mild,1,Low
21,2,1,3,1,1,1,1,1,0,0,1,1,5,1,1,0,1,2,1,0,0,5,2,0,1,0,2,1,0,0,4,1,10,10,8,Normal,Moderate,Normal,2,Moderate
20,2,1,3,1,1,1,1,1,0,0,1,1,5,1,1,0,0,2,1,0,0,4,2,0,1,0,2,1,0,0,4,1,10,8,8,Normal,Mild,Normal,1,Low
20,2,1,3,1,1,1,1,3,2,2,2,3,14,4,2,0,2,2,1,1,1,9,4,1,1,3,3,3,3,3,17,5,28,18,34,Severe,Severe,Extremely Severe,4,High
45,1,1,3,1,1,1,1,1,1,2,1,1,8,2,0,0,0,0,0,2,1,3,1,0,3,3,3,3,0,0,12,4,16,6,24,Mild,Normal,Severe,3,High
38,1,1,3,1,1,1,1,1,1,1,2,2,9,2,1,1,1,1,1,1,1,7,3,3,3,3,3,3,1,1,17,5,18,14,34,Mild,Moderate,Extremely Severe,4,High
28,1,1,3,1,1,1,1,1,1,2,1,1,8,2,0,0,1,0,0,0,0,1,1,1,1,1,2,1,1,2,9,3,16,2,18,Mild,Normal,Moderate,2,Moderate
25,1,1,3,1,1,1,1,1,2,1,1,1,8,2,0,2,2,1,1,1,2,9,4,2,0,1,1,2,1,1,8,3,16,18,16,Mild,Severe,Moderate,3,High
16,2,0,3,1,1,1,1,1,1,1,1,1,7,1,2,0,0,0,0,0,2,4,2,3,1,3,3,3,3,3,19,5,14,8,38,Normal,Mild,Extremely Severe,4,High
22,1,0,3,1,1,1,1,2,1,1,1,1,8,2,1,1,0,1,1,2,2,8,4,0,1,1,1,1,1,1,6,2,16,16,12,Mild,Severe,Mild,3,High
45,2,1,2,1,1,1,1,3,2,1,3,3,14,4,1,1,2,1,1,2,1,9,4,0,1,1,0,2,0,1,5,2,28,18,10,Severe,Severe,Mild,3,High
40,2,1,2,1,1,1,1,2,1,2,1,2,10,3,2,1,1,1,2,1,1,9,4,1,0,1,0,1,2,1,6,2,20,18,12,Moderate,Severe,Mild,3,High
32,2,1,2,1,1,1,1,0,0,0,1,1,4,1,1,0,0,2,2,2,0,7,3,0,0,1,0,1,1,2,5,2,8,14,10,Normal,Moderate,Mild,2,Moderate
32,2,1,2,1,1,1,1,2,1,1,2,1,9,2,0,0,2,0,0,0,0,2,1,3,1,2,1,2,2,1,12,4,18,4,24,Mild,Normal,Severe,3,High
29,2,1,2,1,1,1,1,2,1,3,3,2,13,4,0,1,2,0,0,0,0,3,1,1,3,1,2,2,3,0,12,4,26,6,24,Severe,Normal,Severe,3,High
27,2,1,2,1,1,1,1,1,1,2,1,1,8,2,0,0,0,2,1,0,0,3,1,1,0,2,3,3,1,2,12,4,16,6,24,Mild,Normal,Severe,3,High
26,2,1,2,1,1,1,1,1,1,1,1,1,7,1,0,0,0,0,2,0,0,2,1,1,2,1,3,2,1,2,12,4,14,4,24,Normal,Normal,Severe,3,High
22,1,0,2,1,1,1,1,1,2,1,1,1,8,2,2,0,0,1,1,2,2,8,4,0,1,0,0,2,1,1,5,2,16,16,10,Mild,Severe,Mild,3,High
75,2,1,1,1,1,1,1,1,1,2,1,1,8,2,1,1,0,1,1,2,2,8,4,0,1,1,1,1,1,1,6,2,16,16,12,Mild,Severe,Mild,3,High
66,2,1,1,1,1,1,1,1,1,2,1,1,8,2,0,0,0,1,1,0,1,3,1,1,2,1,1,0,0,3,8,3,16,6,16,Mild,Normal,Moderate,2,Moderate
65,2,1,1,1,1,1,1,1,1,1,1,1,7,1,1,1,1,1,1,1,0,6,3,0,1,0,1,1,0,0,3,1,14,12,6,Normal,Moderate,Normal,2,Moderate
64,2,1,1,1,1,1,1,1,1,2,1,1,8,2,0,0,0,0,2,0,2,4,2,0,0,0,3,2,0,1,6,2,16,8,12,Mild,Mild,Mild,1,Low
64,2,1,1,1,1,1,1,1,1,2,1,1,8,2,1,1,1,1,2,2,2,10,5,2,1,1,1,2,2,0,9,3,16,20,18,Mild,Extremely Severe,Moderate,4,High
58,2,1,1,1,1,1,1,2,1,1,1,1,8,2,2,1,0,3,1,2,1,10,5,0,1,1,2,1,0,1,6,2,16,20,12,Mild,Extremely Severe,Mild,4,High
55,2,1,1,1,1,1,1,1,1,1,1,1,7,1,0,0,0,0,0,0,0,0,1,0,1,0,1,1,1,1,5,2,14,0,10,Normal,Normal,Mild,1,Low
52,2,1,1,1,1,1,1,1,0,0,1,1,5,1,1,0,1,2,1,0,0,5,2,0,1,0,2,1,0,0,4,1,10,10,8,Normal,Moderate,Normal,2,Moderate
51,2,1,1,1,1,1,1,1,0,0,1,1,5,1,1,0,1,2,1,0,0,5,2,0,1,0,2,1,0,0,4,1,10,10,8,Normal,Moderate,Normal,2,Moderate
49,2,1,1,1,1,1,1,2,2,1,0,2,9,2,1,1,0,0,1,3,2,8,4,1,3,2,0,1,2,3,12,4,18,16,24,Mild,Severe,Severe,3,High
48,2,1,1,1,1,1,1,0,2,0,3,1,8,2,1,2,3,0,1,0,1,8,4,0,0,1,1,1,0,2,5,2,16,16,10,Mild,Severe,Mild,3,High
46,2,1,1,1,1,1,1,1,1,2,1,1,8,2,0,2,2,1,1,1,2,9,4,2,0,1,1,2,1,1,8,3,16,18,16,Mild,Severe,Moderate,3,High
29,2,1,1,1,1,1,1,1,1,3,1,1,9,2,2,1,2,1,1,2,1,10,5,1,2,1,1,3,1,1,10,3,18,20,20,Mild,Extremely Severe,Moderate,4,High
21,2,1,1,1,1,1,1,0,1,0,1,3,7,1,1,1,0,3,1,0,1,7,3,0,0,1,3,3,1,3,11,4,14,14,22,Normal,Moderate,Severe,3,High
52,1,1,1,1,1,1,1,1,1,1,2,1,8,2,2,0,0,0,2,2,2,8,4,0,0,0,1,1,1,1,4,1,16,16,8,Mild,Severe,Normal,3,High
90,1,1,1,6,0,1,1,2,1,1,1,1,8,2,1,0,1,0,1,1,0,4,2,0,2,0,1,1,1,1,6,2,16,8,12,Mild,Mild,Mild,1,Low
67,1,1,1,6,0,1,1,2,1,1,3,1,10,3,0,0,0,0,2,0,2,4,2,1,1,1,1,2,3,3,12,4,20,8,24,Moderate,Mild,Severe,3,High
56,1,1,1,5,0,1,1,1,2,2,1,3,11,3,1,0,0,1,1,0,1,4,2,1,0,3,2,1,3,3,13,4,22,8,26,Moderate,Mild,Severe,3,High
34,1,1,1,5,0,1,1,2,1,1,1,1,8,2,0,0,0,0,3,3,3,9,4,0,0,3,2,0,3,3,11,4,16,18,22,Mild,Severe,Severe,3,High
22,2,1,5,4,0,1,1,0,0,0,1,0,3,1,0,0,0,0,0,0,0,0,1,0,1,1,0,0,0,0,2,1,6,0,4,Normal,Normal,Normal,0,Low
21,2,1,5,4,0,1,1,1,1,1,1,1,7,1,0,0,0,0,0,0,0,0,1,0,0,1,1,0,1,1,4,1,14,0,8,Normal,Normal,Normal,0,Low
20,2,1,5,4,0,1,1,1,1,1,1,1,7,1,0,0,0,0,0,0,0,0,1,0,0,0,0,0,0,0,0,1,14,0,0,Normal,Normal,Normal,0,Low
20,2,1,5,4,0,1,1,1,1,1,1,1,7,1,0,0,0,0,0,0,0,0,1,0,0,0,0,0,0,0,0,1,14,0,0,Normal,Normal,Normal,0,Low
20,2,1,5,4,0,1,1,1,1,1,1,1,7,1,0,0,0,0,0,0,0,0,1,0,0,0,0,0,0,0,0,1,14,0,0,Normal,Normal,Normal,0,Low
20,2,1,5,4,0,1,1,1,1,1,1,1,7,1,0,0,0,0,0,0,0,0,1,0,0,0,0,0,0,0,0,1,14,0,0,Normal,Normal,Normal,0,Low
20,2,1,5,4,0,1,1,1,1,1,1,1,7,1,0,0,0,0,0,0,0,0,1,0,0,0,0,0,0,0,0,1,14,0,0,Normal,Normal,Normal,0,Low
20,2,1,5,4,0,1,1,1,1,1,1,1,7,1,1,0,0,0,0,0,0,1,1,0,0,0,1,0,0,0,1,1,14,2,2,Normal,Normal,Normal,0,Low
20,2,1,5,4,0,1,1,1,1,1,0,1,6,1,0,1,1,1,0,1,1,5,2,1,0,1,1,1,1,1,6,2,12,10,12,Normal,Moderate,Mild,2,Moderate
35,1,1,5,4,0,1,1,1,2,2,2,1,10,3,1,1,1,1,1,1,1,7,3,0,0,0,1,0,1,0,2,1,20,14,4,Moderate,Moderate,Normal,2,Moderate
22,2,0,5,4,0,1,1,0,1,1,1,0,5,1,0,0,1,1,1,1,1,5,2,0,0,0,1,1,0,0,2,1,10,10,4,Normal,Moderate,Normal,2,Moderate
22,2,0,5,4,0,1,1,1,1,1,1,1,7,1,0,1,2,0,0,0,0,3,1,0,3,0,0,0,0,0,3,1,14,6,6,Normal,Normal,Normal,0,Low
21,2,0,5,4,0,1,1,1,1,1,1,1,7,1,0,0,0,0,0,0,0,0,1,0,0,0,0,0,0,0,0,1,14,0,0,Normal,Normal,Normal,0,Low
21,2,0,5,4,0,1,1,1,1,1,1,1,7,1,0,0,0,0,0,0,0,0,1,0,0,0,0,0,0,0,0,1,14,0,0,Normal,Normal,Normal,0,Low
21,2,0,5,4,0,1,1,1,1,1,1,1,7,1,0,0,0,0,0,0,0,0,1,0,0,0,0,0,0,0,0,1,14,0,0,Normal,Normal,Normal,0,Low
21,2,0,5,4,0,1,1,1,1,1,1,1,7,1,0,0,1,0,0,0,0,1,1,0,0,0,0,0,0,0,0,1,14,2,0,Normal,Normal,Normal,0,Low
21,2,0,5,4,0,1,1,1,1,1,1,1,7,1,0,0,1,0,0,0,0,1,1,0,0,0,0,0,0,0,0,1,14,2,0,Normal,Normal,Normal,0,Low
21,2,0,5,4,0,1,1,1,1,1,1,1,7,1,0,0,1,0,0,0,0,1,1,0,0,0,0,0,0,0,0,1,14,2,0,Normal,Normal,Normal,0,Low
21,2,0,5,4,0,1,1,1,1,1,1,1,7,1,0,0,1,0,0,0,0,1,1,0,0,0,0,0,0,0,0,1,14,2,0,Normal,Normal,Normal,0,Low
21,2,0,5,4,0,1,1,1,1,1,1,1,7,1,1,0,1,0,0,0,0,2,1,0,0,0,0,0,0,0,0,1,14,4,0,Normal,Normal,Normal,0,Low
21,2,0,5,4,0,1,1,1,1,1,1,1,7,1,1,0,1,0,0,0,0,2,1,0,0,0,0,0,0,0,0,1,14,4,0,Normal,Normal,Normal,0,Low
21,2,0,5,4,0,1,1,1,1,1,1,1,7,1,1,1,0,0,0,0,0,2,1,0,0,0,0,0,0,0,0,1,14,4,0,Normal,Normal,Normal,0,Low
21,2,0,5,4,0,1,1,1,1,1,1,1,7,1,1,0,1,0,0,0,0,2,1,0,0,0,0,0,0,0,0,1,14,4,0,Normal,Normal,Normal,0,Low
21,2,0,5,4,0,1,1,1,1,1,1,1,7,1,0,0,0,0,0,0,0,0,1,0,0,0,0,0,0,1,1,1,14,0,2,Normal,Normal,Normal,0,Low
21,2,0,5,4,0,1,1,1,1,1,1,1,7,1,1,0,0,0,0,0,0,1,1,0,0,0,1,0,0,0,1,1,14,2,2,Normal,Normal,Normal,0,Low
21,2,0,5,4,0,1,1,0,1,1,0,1,5,1,0,0,0,0,1,0,0,1,1,0,1,0,0,0,0,0,1,1,10,2,2,Normal,Normal,Normal,0,Low
21,2,0,5,4,0,1,1,1,1,1,1,0,6,1,0,0,0,0,1,0,0,1,1,0,1,0,0,0,0,0,1,1,12,2,2,Normal,Normal,Normal,0,Low
21,2,0,5,4,0,1,1,0,1,1,1,1,6,1,0,0,0,0,1,0,0,1,1,0,1,0,0,0,0,0,1,1,12,2,2,Normal,Normal,Normal,0,Low
21,2,0,5,4,0,1,1,1,1,0,1,0,5,1,0,0,0,1,1,1,0,3,1,0,0,0,0,0,1,1,2,1,10,6,4,Normal,Normal,Normal,0,Low
21,2,0,5,4,0,1,1,0,0,0,0,1,3,1,1,0,0,0,1,0,0,2,1,1,1,0,0,1,0,0,3,1,6,4,6,Normal,Normal,Normal,0,Low
21,2,0,5,4,0,1,1,0,0,1,1,1,5,1,0,0,0,0,1,0,1,2,1,1,1,0,0,1,0,0,3,1,10,4,6,Normal,Normal,Normal,0,Low
21,2,0,5,4,0,1,1,1,1,1,1,1,7,1,2,1,0,1,2,1,1,8,4,0,1,0,1,1,0,0,3,1,14,16,6,Normal,Severe,Normal,3,High
21,2,0,5,4,0,1,1,0,1,2,0,1,6,1,2,0,1,0,1,0,0,4,2,1,2,0,1,0,0,0,4,1,12,8,8,Normal,Mild,Normal,1,Low
21,2,0,5,4,0,1,1,1,1,1,1,0,6,1,1,0,1,1,1,0,1,5,2,1,1,1,1,1,1,1,7,3,12,10,14,Normal,Moderate,Moderate,2,Moderate
20,2,0,5,4,0,1,1,1,1,1,1,1,7,1,0,0,0,0,0,0,0,0,1,0,0,0,0,0,0,0,0,1,14,0,0,Normal,Normal,Normal,0,Low
20,2,0,5,4,0,1,1,1,1,1,1,1,7,1,0,0,0,0,0,0,0,0,1,0,0,0,0,0,0,0,0,1,14,0,0,Normal,Normal,Normal,0,Low
20,2,0,5,4,0,1,1,1,1,1,1,1,7,1,0,0,0,0,0,0,0,0,1,0,0,0,0,0,0,0,0,1,14,0,0,Normal,Normal,Normal,0,Low
20,2,0,5,4,0,1,1,1,1,1,1,1,7,1,0,0,0,0,0,0,0,0,1,0,0,0,0,0,0,0,0,1,14,0,0,Normal,Normal,Normal,0,Low
20,2,0,5,4,0,1,1,1,1,1,1,1,7,1,0,0,0,0,0,0,0,0,1,0,0,0,0,0,0,0,0,1,14,0,0,Normal,Normal,Normal,0,Low
20,2,0,5,4,0,1,1,1,1,1,1,1,7,1,0,0,0,0,0,0,0,0,1,0,0,0,0,0,0,0,0,1,14,0,0,Normal,Normal,Normal,0,Low
20,2,0,5,4,0,1,1,1,1,1,1,1,7,1,0,0,0,0,0,0,0,0,1,0,0,0,0,0,0,0,0,1,14,0,0,Normal,Normal,Normal,0,Low
20,2,0,5,4,0,1,1,1,1,1,1,1,7,1,0,0,0,0,0,0,0,0,1,0,0,0,0,0,0,0,0,1,14,0,0,Normal,Normal,Normal,0,Low
20,2,0,5,4,0,1,1,1,1,1,1,1,7,1,0,0,0,0,0,0,0,0,1,0,0,0,0,0,0,0,0,1,14,0,0,Normal,Normal,Normal,0,Low
20,2,0,5,4,0,1,1,1,1,1,1,1,7,1,0,0,0,0,0,0,0,0,1,0,0,0,0,0,0,0,0,1,14,0,0,Normal,Normal,Normal,0,Low
20,2,0,5,4,0,1,1,1,1,1,1,1,7,1,0,0,0,0,0,0,0,0,1,0,0,0,0,0,0,0,0,1,14,0,0,Normal,Normal,Normal,0,Low
20,2,0,5,4,0,1,1,1,1,1,1,1,7,1,0,0,0,0,0,0,0,0,1,0,0,0,0,0,0,0,0,1,14,0,0,Normal,Normal,Normal,0,Low
20,2,0,5,4,0,1,1,1,1,1,1,1,7,1,0,0,0,0,0,0,0,0,1,0,0,0,0,0,0,0,0,1,14,0,0,Normal,Normal,Normal,0,Low
20,2,0,5,4,0,1,1,1,1,1,1,1,7,1,0,0,0,0,0,0,0,0,1,0,0,0,0,0,0,0,0,1,14,0,0,Normal,Normal,Normal,0,Low
20,2,0,5,4,0,1,1,1,1,1,1,1,7,1,0,0,0,0,0,0,0,0,1,0,0,0,0,0,0,0,0,1,14,0,0,Normal,Normal,Normal,0,Low
20,2,0,5,4,0,1,1,1,1,1,1,1,7,1,0,0,0,0,0,0,0,0,1,0,0,0,0,0,0,0,0,1,14,0,0,Normal,Normal,Normal,0,Low
20,2,0,5,4,0,1,1,1,1,1,1,1,7,1,0,0,0,0,0,0,0,0,1,0,0,0,0,0,0,0,0,1,14,0,0,Normal,Normal,Normal,0,Low
20,2,0,5,4,0,1,1,1,1,1,1,1,7,1,0,0,0,0,0,0,0,0,1,0,0,0,0,0,0,0,0,1,14,0,0,Normal,Normal,Normal,0,Low
20,2,0,5,4,0,1,1,1,1,1,1,1,7,1,0,0,0,0,0,0,0,0,1,0,0,0,0,0,0,0,0,1,14,0,0,Normal,Normal,Normal,0,Low
20,2,0,5,4,0,1,1,1,1,1,1,1,7,1,0,0,0,0,0,0,0,0,1,0,0,0,0,0,0,0,0,1,14,0,0,Normal,Normal,Normal,0,Low
20,2,0,5,4,0,1,1,0,0,0,0,0,2,1,0,0,0,0,0,0,0,0,1,0,0,0,0,0,0,0,0,1,4,0,0,Normal,Normal,Normal,0,Low
20,2,0,5,4,0,1,1,1,1,1,1,1,7,1,0,0,1,0,0,0,0,1,1,0,0,0,0,0,0,0,0,1,14,2,0,Normal,Normal,Normal,0,Low
20,2,0,5,4,0,1,1,1,1,1,1,1,7,1,1,0,0,0,0,0,0,1,1,0,0,0,0,0,0,0,0,1,14,2,0,Normal,Normal,Normal,0,Low
20,2,0,5,4,0,1,1,1,1,1,1,1,7,1,1,0,0,0,0,0,0,1,1,0,0,0,0,0,0,0,0,1,14,2,0,Normal,Normal,Normal,0,Low
20,2,0,5,4,0,1,1,1,1,1,1,1,7,1,1,0,0,0,0,0,0,1,1,0,0,0,0,0,0,0,0,1,14,2,0,Normal,Normal,Normal,0,Low
20,2,0,5,4,0,1,1,1,1,1,1,1,7,1,0,0,0,0,0,1,0,1,1,0,0,0,0,0,0,0,0,1,14,2,0,Normal,Normal,Normal,0,Low
20,2,0,5,4,0,1,1,1,1,1,1,1,7,1,0,1,0,0,0,0,0,1,1,0,0,0,0,0,0,0,0,1,14,2,0,Normal,Normal,Normal,0,Low
20,2,0,5,4,0,1,1,1,1,1,1,1,7,1,1,1,0,0,0,0,0,2,1,0,0,0,0,0,0,0,0,1,14,4,0,Normal,Normal,Normal,0,Low
20,2,0,5,4,0,1,1,1,1,1,1,1,7,1,0,0,0,0,0,0,0,0,1,0,0,0,1,0,0,0,1,1,14,0,2,Normal,Normal,Normal,0,Low
20,2,0,5,4,0,1,1,1,2,0,0,3,8,2,0,3,3,3,0,0,0,9,4,0,0,0,1,1,0,0,2,1,16,18,4,Mild,Severe,Normal,3,High
20,2,0,5,4,0,1,1,1,1,1,1,1,7,1,0,0,0,0,0,0,0,0,1,0,1,1,1,0,0,0,3,1,14,0,6,Normal,Normal,Normal,0,Low
20,2,0,5,4,0,1,1,1,1,1,1,1,7,1,0,0,0,0,1,1,1,3,1,1,0,0,0,0,1,1,3,1,14,6,6,Normal,Normal,Normal,0,Low
20,2,0,5,4,0,1,1,1,0,0,1,0,4,1,1,0,1,2,2,2,1,9,4,0,0,1,1,0,0,1,3,1,8,18,6,Normal,Severe,Normal,3,High
20,2,0,5,4,0,1,1,1,1,1,1,1,7,1,1,0,0,0,0,1,0,2,1,0,1,1,1,1,1,1,6,2,14,4,12,Normal,Normal,Mild,1,Low
20,2,0,5,4,0,1,1,1,1,1,1,1,7,1,1,0,0,0,0,1,0,2,1,0,1,1,1,1,1,1,6,2,14,4,12,Normal,Normal,Mild,1,Low
20,2,0,5,4,0,1,1,0,1,2,1,0,6,1,3,0,1,1,2,0,0,7,3,1,0,2,3,0,1,3,10,3,12,14,20,Normal,Moderate,Moderate,2,Moderate
19,2,0,5,4,0,1,1,1,1,1,1,1,7,1,0,0,0,0,0,0,0,0,1,0,0,0,0,0,0,0,0,1,14,0,0,Normal,Normal,Normal,0,Low
19,2,0,5,4,0,1,1,1,1,1,1,1,7,1,0,0,0,0,0,0,0,0,1,0,0,0,0,0,0,0,0,1,14,0,0,Normal,Normal,Normal,0,Low
19,2,0,5,4,0,1,1,1,1,1,1,1,7,1,0,0,0,0,0,0,0,0,1,0,0,0,0,0,0,0,0,1,14,0,0,Normal,Normal,Normal,0,Low
19,2,0,5,4,0,1,1,1,1,1,1,1,7,1,0,0,0,0,0,0,0,0,1,0,0,0,0,0,0,0,0,1,14,0,0,Normal,Normal,Normal,0,Low
19,2,0,5,4,0,1,1,1,1,1,1,1,7,1,0,0,0,0,0,0,0,0,1,0,0,0,0,0,0,0,0,1,14,0,0,Normal,Normal,Normal,0,Low
19,2,0,5,4,0,1,1,1,1,1,1,1,7,1,0,0,0,0,0,0,0,0,1,0,0,0,0,0,0,0,0,1,14,0,0,Normal,Normal,Normal,0,Low
19,2,0,5,4,0,1,1,1,1,1,1,1,7,1,0,0,0,0,0,0,0,0,1,0,0,0,0,0,0,0,0,1,14,0,0,Normal,Normal,Normal,0,Low
19,2,0,5,4,0,1,1,1,1,1,1,1,7,1,0,0,0,0,0,0,0,0,1,0,0,0,0,0,0,0,0,1,14,0,0,Normal,Normal,Normal,0,Low
19,2,0,5,4,0,1,1,1,1,1,1,1,7,1,0,0,0,0,0,0,0,0,1,0,0,0,0,0,0,0,0,1,14,0,0,Normal,Normal,Normal,0,Low
19,2,0,5,4,0,1,1,1,1,1,1,1,7,1,0,0,0,1,0,0,0,1,1,0,0,0,0,0,0,0,0,1,14,2,0,Normal,Normal,Normal,0,Low
19,2,0,5,4,0,1,1,1,1,1,1,1,7,1,0,0,1,0,0,0,0,1,1,0,0,0,0,0,0,0,0,1,14,2,0,Normal,Normal,Normal,0,Low
19,2,0,5,4,0,1,1,1,1,1,1,1,7,1,0,0,1,0,0,0,0,1,1,0,0,0,0,1,0,0,1,1,14,2,2,Normal,Normal,Normal,0,Low
19,2,0,5,4,0,1,1,1,1,1,1,1,7,1,1,1,1,0,1,0,0,4,2,0,0,0,0,0,1,1,2,1,14,8,4,Normal,Mild,Normal,1,Low
19,2,0,5,4,0,1,1,1,1,1,1,1,7,1,0,0,0,0,0,0,0,0,1,0,0,1,1,0,0,0,2,1,14,0,4,Normal,Normal,Normal,0,Low
19,2,0,5,4,0,1,1,0,0,0,0,1,3,1,0,0,0,1,0,0,0,1,1,0,0,0,1,1,0,0,2,1,6,2,4,Normal,Normal,Normal,0,Low
19,2,0,5,4,0,1,1,0,0,1,0,0,3,1,0,1,0,0,0,1,0,2,1,0,0,0,0,0,1,1,2,1,6,4,4,Normal,Normal,Normal,0,Low
19,2,0,5,4,0,1,1,1,1,1,1,1,7,1,0,0,0,0,0,0,0,0,1,2,0,0,1,0,0,0,3,1,14,0,6,Normal,Normal,Normal,0,Low
19,2,0,5,4,0,1,1,1,1,1,1,1,7,1,0,1,1,1,0,0,0,3,1,0,0,0,1,1,1,0,3,1,14,6,6,Normal,Normal,Normal,0,Low
19,2,0,5,4,0,1,1,1,1,0,1,1,6,1,1,0,1,0,1,1,0,4,2,0,1,0,1,1,0,0,3,1,12,8,6,Normal,Mild,Normal,1,Low
19,2,0,5,4,0,1,1,0,1,1,1,0,5,1,0,1,0,1,1,1,1,5,2,0,0,1,0,1,0,1,3,1,10,10,6,Normal,Moderate,Normal,2,Moderate
19,2,0,5,4,0,1,1,1,1,0,1,0,5,1,1,0,1,1,1,1,1,6,3,0,0,0,1,0,1,1,3,1,10,12,6,Normal,Moderate,Normal,2,Moderate
19,2,0,5,4,0,1,1,1,1,1,1,1,7,1,1,0,0,0,0,0,0,1,1,0,3,0,0,0,1,0,4,1,14,2,8,Normal,Normal,Normal,0,Low
19,2,0,5,4,0,1,1,0,0,0,0,0,2,1,0,0,0,1,0,1,1,3,1,1,1,0,1,0,1,0,4,1,4,6,8,Normal,Normal,Normal,0,Low
19,2,0,5,4,0,1,1,1,1,0,2,1,7,1,0,1,0,1,0,0,1,3,1,0,1,1,1,0,1,0,4,1,14,6,8,Normal,Normal,Normal,0,Low
19,2,0,5,4,0,1,1,0,1,1,1,0,5,1,0,0,0,1,1,0,0,2,1,0,1,1,1,1,1,1,6,2,10,4,12,Normal,Normal,Mild,1,Low
19,2,0,5,4,0,1,1,0,1,1,1,0,5,1,0,0,1,1,1,0,0,3,1,0,1,1,1,1,1,1,6,2,10,6,12,Normal,Normal,Mild,1,Low
19,2,0,5,4,0,1,1,1,2,2,1,0,8,2,0,0,1,0,0,1,0,2,1,0,1,1,2,1,1,1,7,3,16,4,14,Mild,Normal,Moderate,2,Moderate
19,2,0,5,4,0,1,1,1,1,2,1,1,8,2,3,0,2,1,1,2,1,10,5,1,1,1,0,0,1,1,5,2,16,20,10,Mild,Extremely Severe,Mild,4,High
19,2,0,5,4,0,1,1,1,2,1,1,1,8,2,1,1,0,1,0,1,0,4,2,1,1,1,0,1,1,1,6,2,16,8,12,Mild,Mild,Mild,1,Low
19,2,0,5,4,0,1,1,1,1,1,1,1,7,1,1,0,0,2,0,0,0,3,1,1,3,2,1,1,1,1,10,3,14,6,20,Normal,Normal,Moderate,2,Moderate
22,1,0,5,4,0,1,1,1,1,1,1,1,7,1,0,0,0,0,0,0,0,0,1,0,0,0,0,0,0,0,0,1,14,0,0,Normal,Normal,Normal,0,Low
21,1,0,5,4,0,1,1,1,1,1,1,1,7,1,0,0,0,0,0,0,0,0,1,0,0,0,0,0,0,0,0,1,14,0,0,Normal,Normal,Normal,0,Low
21,1,0,5,4,0,1,1,1,1,1,1,1,7,1,0,0,1,0,0,0,0,1,1,0,0,0,1,0,0,0,1,1,14,2,2,Normal,Normal,Normal,0,Low
21,1,0,5,4,0,1,1,1,1,1,1,1,7,1,0,0,1,0,0,0,0,1,1,0,1,0,0,0,0,0,1,1,14,2,2,Normal,Normal,Normal,0,Low
21,1,0,5,4,0,1,1,1,1,1,1,1,7,1,0,1,0,0,0,0,0,1,1,0,0,0,1,0,0,0,1,1,14,2,2,Normal,Normal,Normal,0,Low
21,1,0,5,4,0,1,1,0,1,1,1,1,6,1,0,0,0,0,1,0,0,1,1,0,1,0,0,0,0,0,1,1,12,2,2,Normal,Normal,Normal,0,Low
21,1,0,5,4,0,1,1,0,1,1,0,1,5,1,1,1,0,1,1,0,1,5,2,1,1,1,1,1,1,1,7,3,10,10,14,Normal,Moderate,Moderate,2,Moderate
21,1,0,5,4,0,1,1,1,1,1,1,1,7,1,1,0,1,0,0,0,0,2,1,0,1,3,1,1,3,1,10,3,14,4,20,Normal,Normal,Moderate,2,Moderate
20,1,0,5,4,0,1,1,1,1,1,1,1,7,1,0,0,0,0,0,0,0,0,1,0,0,0,0,0,0,0,0,1,14,0,0,Normal,Normal,Normal,0,Low
20,1,0,5,4,0,1,1,1,1,1,1,1,7,1,0,0,0,0,0,0,0,0,1,0,0,0,0,0,0,0,0,1,14,0,0,Normal,Normal,Normal,0,Low
20,1,0,5,4,0,1,1,1,1,1,1,1,7,1,0,0,0,0,0,0,0,0,1,0,0,0,0,0,0,0,0,1,14,0,0,Normal,Normal,Normal,0,Low
20,1,0,5,4,0,1,1,1,1,1,1,1,7,1,0,0,0,0,0,0,0,0,1,0,0,0,0,0,0,0,0,1,14,0,0,Normal,Normal,Normal,0,Low
20,1,0,5,4,0,1,1,1,1,1,1,1,7,1,1,0,0,0,1,0,0,2,1,0,1,1,1,1,1,1,6,2,14,4,12,Normal,Normal,Mild,1,Low
20,1,0,5,4,0,1,1,2,1,2,3,3,13,4,3,0,0,0,0,0,0,3,1,2,2,2,0,0,0,0,6,2,26,6,12,Severe,Normal,Mild,3,High
19,1,0,5,4,0,1,1,1,1,1,1,1,7,1,0,0,0,0,0,0,0,0,1,0,0,0,0,0,0,0,0,1,14,0,0,Normal,Normal,Normal,0,Low
19,1,0,5,4,0,1,1,1,1,1,1,1,7,1,0,0,0,0,0,0,0,0,1,0,0,0,0,0,0,0,0,1,14,0,0,Normal,Normal,Normal,0,Low
19,1,0,5,4,0,1,1,1,1,1,1,1,7,1,0,0,0,0,0,0,0,0,1,0,0,0,0,0,0,0,0,1,14,0,0,Normal,Normal,Normal,0,Low
19,1,0,5,4,0,1,1,0,0,0,2,1,5,1,0,0,1,1,1,0,0,3,1,0,1,1,0,1,1,1,5,2,10,6,10,Normal,Normal,Mild,1,Low
19,1,0,5,4,0,1,1,2,2,1,3,1,11,3,0,0,2,1,1,1,2,7,3,1,2,1,1,1,2,2,10,3,22,14,20,Moderate,Moderate,Moderate,2,Moderate
30,2,1,4,4,0,1,1,1,2,2,1,2,10,3,1,0,0,0,1,0,0,2,1,0,0,0,1,0,0,0,1,1,20,4,2,Moderate,Normal,Normal,2,Moderate
26,2,1,4,4,0,1,1,1,1,1,1,1,7,1,1,1,0,1,0,2,0,5,2,1,0,0,1,0,0,1,3,1,14,10,6,Normal,Moderate,Normal,2,Moderate
23,2,1,4,4,0,1,1,1,1,0,2,0,6,1,1,1,3,1,1,1,0,8,4,0,1,0,1,0,0,0,2,1,12,16,4,Normal,Severe,Normal,3,High
39,1,1,4,4,0,1,1,1,2,1,1,1,8,2,0,0,0,0,0,2,2,4,2,3,1,3,3,3,2,3,18,5,16,8,36,Mild,Mild,Extremely Severe,4,High
32,1,1,4,4,0,1,1,1,1,2,1,1,8,2,1,2,1,1,1,1,1,8,4,1,2,3,2,2,1,1,12,4,16,16,24,Mild,Severe,Severe,3,High
23,1,1,4,4,0,1,1,1,1,1,1,1,7,1,1,2,1,1,1,1,0,7,3,0,0,0,1,0,0,1,2,1,14,14,4,Normal,Moderate,Normal,2,Moderate
25,2,0,4,4,0,1,1,0,0,0,0,3,5,1,1,1,1,1,2,2,1,9,4,0,0,1,1,1,1,0,4,1,10,18,8,Normal,Severe,Normal,3,High
25,2,0,4,4,0,1,1,2,1,1,1,1,8,2,0,0,0,0,2,0,1,3,1,3,2,3,2,2,2,3,17,5,16,6,34,Mild,Normal,Extremely Severe,4,High
23,2,0,4,4,0,1,1,2,1,2,2,2,11,3,0,0,2,0,0,0,0,2,1,1,2,2,2,2,3,2,14,5,22,4,28,Moderate,Normal,Extremely Severe,4,High
23,2,0,4,4,0,1,1,1,1,2,1,2,9,2,3,0,0,1,2,1,0,7,3,0,0,0,0,2,2,2,6,2,18,14,12,Mild,Moderate,Mild,2,Moderate
23,2,0,4,4,0,1,1,2,2,1,1,1,9,2,1,1,1,1,1,1,1,7,3,3,3,3,3,3,3,3,21,5,18,14,42,Mild,Moderate,Extremely Severe,4,High
22,2,0,4,4,0,1,1,0,1,1,0,1,5,1,0,2,1,1,1,1,1,7,3,1,3,2,1,1,1,1,10,3,10,14,20,Normal,Moderate,Moderate,2,Moderate
22,2,0,4,4,0,1,1,2,1,1,1,1,8,2,1,0,1,1,2,1,2,8,4,1,3,1,1,2,1,1,10,3,16,16,20,Mild,Severe,Moderate,3,High
21,2,0,4,4,0,1,1,2,0,0,1,0,5,1,1,0,0,1,0,0,0,2,1,0,1,0,1,1,0,0,3,1,10,4,6,Normal,Normal,Normal,0,Low
21,2,0,4,4,0,1,1,2,2,2,1,1,10,3,1,0,1,1,1,1,0,5,2,0,0,1,1,1,1,0,4,1,20,10,8,Moderate,Moderate,Normal,2,Moderate
21,2,0,4,4,0,1,1,2,1,1,0,2,8,2,1,0,0,0,0,1,1,3,1,0,0,1,2,0,1,1,5,2,16,6,10,Mild,Normal,Mild,1,Low
21,2,0,4,4,0,1,1,1,1,0,1,1,6,1,1,0,2,3,1,1,1,9,4,1,1,0,0,1,1,1,5,2,12,18,10,Normal,Severe,Mild,3,High
21,2,0,4,4,0,1,1,2,1,1,1,1,8,2,0,0,2,3,2,2,1,10,5,0,1,0,2,1,1,0,5,2,16,20,10,Mild,Extremely Severe,Mild,4,High
21,2,0,4,4,0,1,1,1,2,2,1,2,10,3,0,0,1,1,0,1,0,3,1,0,1,1,0,3,1,1,7,3,20,6,14,Moderate,Normal,Moderate,2,Moderate
21,2,0,4,4,0,1,1,2,1,1,1,1,8,2,0,0,0,0,3,0,0,3,1,3,2,0,1,2,0,0,8,3,16,6,16,Mild,Normal,Moderate,2,Moderate
20,2,0,4,4,0,1,1,1,2,1,1,1,8,2,0,1,0,2,0,0,0,3,1,0,0,0,0,0,1,1,2,1,16,6,4,Mild,Normal,Normal,1,Low
20,2,0,4,4,0,1,1,2,1,0,1,1,7,1,1,0,1,1,0,1,1,5,2,0,1,0,1,0,0,0,2,1,14,10,4,Normal,Moderate,Normal,2,Moderate
20,2,0,4,4,0,1,1,3,3,3,3,3,17,5,1,0,0,1,3,1,1,7,3,0,1,1,3,1,0,0,6,2,34,14,12,Extremely Severe,Moderate,Mild,4,High
18,2,0,4,4,0,1,1,2,1,1,3,1,10,3,2,2,2,2,0,0,2,10,5,1,3,2,2,3,3,3,17,5,20,20,34,Moderate,Extremely Severe,Extremely Severe,4,High
17,2,0,3,4,0,1,1,3,2,1,3,3,14,4,3,2,0,1,1,0,1,8,4,0,0,0,2,1,1,1,5,2,28,16,10,Severe,Severe,Mild,3,High
16,2,0,3,4,0,1,1,1,1,2,1,1,8,2,0,3,3,0,0,0,0,6,3,0,0,0,2,0,0,1,3,1,16,12,6,Mild,Moderate,Normal,2,Moderate
36,2,1,2,4,0,1,1,1,2,2,1,1,9,2,2,1,0,3,1,1,1,9,4,2,2,3,3,2,2,3,17,5,18,18,34,Mild,Severe,Extremely Severe,4,High
30,2,1,2,4,0,1,1,1,2,2,1,1,9,2,1,1,1,0,1,1,1,6,3,1,1,1,1,0,0,0,4,1,18,12,8,Mild,Moderate,Normal,2,Moderate
35,2,1,1,4,0,1,1,0,1,0,3,1,7,1,0,0,2,0,0,0,0,2,1,0,1,3,1,2,1,2,10,3,14,4,20,Normal,Normal,Moderate,2,Moderate
40,1,1,5,3,0,1,1,1,2,1,1,1,8,2,0,0,0,2,0,0,0,2,1,1,3,3,2,3,3,3,18,5,16,4,36,Mild,Normal,Extremely Severe,4,High
35,1,1,5,3,0,1,1,1,1,1,1,1,7,1,0,1,1,1,0,0,0,3,1,1,2,1,3,2,1,3,13,4,14,6,26,Normal,Normal,Severe,3,High
34,1,1,5,3,0,1,1,1,1,1,1,1,7,1,0,0,1,1,1,0,0,3,1,1,2,2,2,3,1,1,12,4,14,6,24,Normal,Normal,Severe,3,High
29,1,1,5,3,0,1,1,1,1,1,1,1,7,1,3,0,0,1,2,3,0,9,4,0,1,2,3,1,2,3,12,4,14,18,24,Normal,Severe,Severe,3,High
25,1,0,5,3,0,1,1,1,1,1,2,2,9,2,1,2,1,1,1,3,0,9,4,0,0,0,1,0,1,1,3,1,18,18,6,Mild,Severe,Normal,3,High
20,1,0,5,3,0,1,1,3,3,3,3,3,17,5,2,0,0,0,0,0,0,2,1,1,2,3,3,1,1,2,13,4,34,4,26,Extremely Severe,Normal,Severe,4,High
25,2,1,4,3,0,1,1,2,1,1,1,1,8,2,1,0,0,0,0,3,1,5,2,3,0,2,3,1,2,1,12,4,16,10,24,Mild,Moderate,Severe,3,High
44,1,1,4,3,0,1,1,2,1,1,1,1,8,2,0,0,0,0,0,2,0,2,1,2,2,3,2,3,2,0,14,5,16,4,28,Mild,Normal,Extremely Severe,4,High
41,1,1,4,3,0,1,1,1,1,2,2,1,9,2,1,1,1,3,1,1,2,10,5,0,1,1,3,1,1,1,8,3,18,20,16,Mild,Extremely Severe,Moderate,4,High
40,1,1,4,3,0,1,1,1,2,2,1,1,9,2,0,0,0,0,0,2,0,2,1,1,1,2,2,1,2,1,10,3,18,4,20,Mild,Normal,Moderate,2,Moderate
38,1,1,4,3,0,1,1,1,1,3,3,1,11,3,1,1,1,1,1,3,1,9,4,3,3,3,3,3,3,3,21,5,22,18,42,Moderate,Severe,Extremely Severe,4,High
34,1,1,4,3,0,1,1,1,1,1,1,0,6,1,0,0,0,1,1,0,0,2,1,3,1,1,1,1,0,0,7,3,12,4,14,Normal,Normal,Moderate,2,Moderate
34,1,1,4,3,0,1,1,1,1,2,1,1,8,2,1,0,1,2,0,1,0,5,2,0,0,1,2,2,0,0,5,2,16,10,10,Mild,Moderate,Mild,2,Moderate
31,1,1,4,3,0,1,1,1,1,1,1,1,7,1,0,0,0,3,0,1,3,7,3,1,3,1,0,0,3,0,8,3,14,14,16,Normal,Moderate,Moderate,2,Moderate
30,1,1,4,3,0,1,1,1,1,1,2,1,8,2,0,0,1,1,1,1,1,5,2,0,1,0,1,2,1,0,5,2,16,10,10,Mild,Moderate,Mild,2,Moderate
30,1,1,4,3,0,1,1,1,1,1,2,2,9,2,2,1,2,1,1,0,2,9,4,1,1,2,2,1,1,2,10,3,18,18,20,Mild,Severe,Moderate,3,High
29,1,1,4,3,0,1,1,1,1,0,2,2,8,2,1,0,0,1,1,1,1,5,2,1,2,1,1,1,1,2,9,3,16,10,18,Mild,Moderate,Moderate,2,Moderate
28,1,1,4,3,0,1,1,1,1,1,1,1,7,1,0,2,0,0,0,3,0,5,2,0,1,1,0,0,2,2,6,2,14,10,12,Normal,Moderate,Mild,2,Moderate
28,1,1,4,3,0,1,1,2,1,1,2,1,9,2,0,0,3,0,3,0,0,6,3,1,2,2,2,1,1,1,10,3,18,12,20,Mild,Moderate,Moderate,2,Moderate
25,2,0,4,3,0,1,1,1,1,1,1,1,7,1,0,2,0,2,1,0,0,5,2,3,3,3,3,2,3,3,20,5,14,10,40,Normal,Moderate,Extremely Severe,4,High
27,1,0,4,3,0,1,1,0,1,0,1,1,5,1,1,0,1,0,0,1,0,3,1,1,1,1,1,1,1,1,7,3,10,6,14,Normal,Normal,Moderate,2,Moderate
34,2,1,3,3,0,1,1,1,1,1,1,1,7,1,2,0,2,2,0,0,0,6,3,0,2,2,2,0,0,2,8,3,14,12,16,Normal,Moderate,Moderate,2,Moderate
25,2,1,3,3,0,1,1,1,2,2,1,2,10,3,1,1,1,2,1,1,1,8,4,1,1,2,1,2,1,1,9,3,20,16,18,Moderate,Severe,Moderate,3,High
26,1,1,3,3,0,1,1,2,1,2,2,1,10,3,1,0,0,1,2,1,1,6,3,2,2,0,1,1,1,1,8,3,20,12,16,Moderate,Moderate,Moderate,2,Moderate
25,1,1,3,3,0,1,1,1,1,1,1,1,7,1,2,1,0,0,0,0,0,3,1,1,3,2,1,1,1,1,10,3,14,6,20,Normal,Normal,Moderate,2,Moderate
27,1,0,3,3,0,1,1,1,1,1,2,1,8,2,0,1,0,0,0,1,0,2,1,0,2,1,1,2,2,1,9,3,16,4,18,Mild,Normal,Moderate,2,Moderate
59,1,1,2,3,0,1,1,2,2,1,3,1,11,3,0,0,2,2,2,0,0,6,3,2,1,3,1,2,1,2,12,4,22,12,24,Moderate,Moderate,Severe,3,High
50,1,1,2,3,0,1,1,2,1,1,1,1,8,2,1,0,0,0,0,0,0,1,1,3,3,3,3,3,3,3,21,5,16,2,42,Mild,Normal,Extremely Severe,4,High
48,1,1,2,3,0,1,1,2,1,1,1,1,8,2,2,0,0,2,1,1,1,7,3,1,1,2,3,0,3,3,13,4,16,14,26,Mild,Moderate,Severe,3,High
29,1,1,2,3,0,1,1,2,3,2,3,2,14,4,0,0,1,1,0,1,1,4,2,1,0,0,3,1,0,0,5,2,28,8,10,Severe,Mild,Mild,3,High
25,1,1,2,3,0,1,1,2,1,1,2,1,9,2,2,1,1,1,2,1,0,8,4,1,1,1,1,1,2,1,8,3,18,16,16,Mild,Severe,Moderate,3,High
24,1,0,2,3,0,1,1,1,1,1,1,1,7,1,0,2,1,0,0,1,1,5,2,2,1,1,0,2,0,0,6,2,14,10,12,Normal,Moderate,Mild,2,Moderate
73,1,1,1,3,0,1,1,1,2,1,1,1,8,2,3,0,0,0,0,0,0,3,1,1,0,1,2,1,0,0,5,2,16,6,10,Mild,Normal,Mild,1,Low
64,1,1,1,3,0,1,1,1,1,1,1,1,7,1,1,1,1,1,1,1,0,6,3,0,0,2,1,0,1,1,5,2,14,12,10,Normal,Moderate,Mild,2,Moderate
56,1,1,1,3,0,1,1,2,0,0,2,2,8,2,0,0,0,2,0,1,0,3,1,0,2,0,1,0,2,1,6,2,16,6,12,Mild,Normal,Mild,1,Low
49,1,1,1,3,0,1,1,1,1,0,1,1,6,1,1,1,0,1,0,1,0,4,2,1,0,2,1,0,1,1,6,2,12,8,12,Normal,Mild,Mild,1,Low
23,1,0,1,3,0,1,1,1,1,3,2,0,9,2,1,1,1,1,1,3,1,9,4,0,1,0,1,1,1,1,5,2,18,18,10,Mild,Severe,Mild,3,High
32,2,1,5,2,0,1,1,3,3,1,1,0,10,3,1,1,2,2,1,1,2,10,5,1,0,1,0,0,0,0,2,1,20,20,4,Moderate,Extremely Severe,Normal,4,High
23,2,1,5,2,0,1,1,2,1,1,3,2,11,3,0,0,0,3,0,0,0,3,1,0,0,2,1,2,3,2,10,3,22,6,20,Moderate,Normal,Moderate,2,Moderate
55,1,1,5,2,0,1,1,1,1,1,1,1,7,1,0,0,0,0,0,0,0,0,1,0,0,0,0,0,0,0,0,1,14,0,0,Normal,Normal,Normal,0,Low
44,1,1,5,2,0,1,1,1,0,0,0,0,3,1,1,1,2,2,1,0,0,7,3,0,1,1,1,1,1,1,6,2,6,14,12,Normal,Moderate,Mild,2,Moderate
38,1,1,5,2,0,1,1,1,1,2,1,1,8,2,3,0,0,0,0,0,3,6,3,2,1,2,1,2,1,2,11,4,16,12,22,Mild,Moderate,Severe,3,High
38,1,1,5,2,0,1,1,3,2,2,2,3,14,4,2,0,0,2,1,1,1,7,3,1,1,3,3,3,3,3,17,5,28,14,34,Severe,Moderate,Extremely Severe,4,High
36,1,1,5,2,0,1,1,2,2,2,1,2,11,3,1,1,2,1,2,2,1,10,5,0,0,0,1,0,1,0,2,1,22,20,4,Moderate,Extremely Severe,Normal,4,High
36,1,1,5,2,0,1,1,1,0,0,0,0,3,1,1,1,2,2,1,0,0,7,3,0,1,1,1,1,1,0,5,2,6,14,10,Normal,Moderate,Mild,2,Moderate
35,1,1,5,2,0,1,1,1,1,1,1,1,7,1,0,0,0,0,0,0,0,0,1,0,0,0,0,0,0,0,0,1,14,0,0,Normal,Normal,Normal,0,Low
35,1,1,5,2,0,1,1,2,0,0,1,1,6,1,0,0,1,1,0,0,0,2,1,1,0,1,1,1,1,1,6,2,12,4,12,Normal,Normal,Mild,1,Low
35,1,1,5,2,0,1,1,1,1,1,2,1,8,2,0,0,1,1,1,1,0,4,2,1,1,1,2,2,2,2,11,4,16,8,22,Mild,Mild,Severe,3,High
34,1,1,5,2,0,1,1,1,0,0,0,1,4,1,0,0,2,2,2,2,2,10,5,0,0,0,1,1,1,0,3,1,8,20,6,Normal,Extremely Severe,Normal,4,High
33,1,1,5,2,0,1,1,1,1,0,1,0,5,1,0,0,0,0,1,0,0,1,1,1,0,0,0,1,0,0,2,1,10,2,4,Normal,Normal,Normal,0,Low
32,1,1,5,2,0,1,1,3,2,2,2,1,12,3,1,1,1,1,1,1,0,6,3,1,2,3,1,2,3,2,14,5,24,12,28,Moderate,Moderate,Extremely Severe,4,High
31,1,1,5,2,0,1,1,2,2,1,2,3,12,3,1,1,1,0,0,0,0,3,1,0,0,0,0,1,0,1,2,1,24,6,4,Moderate,Normal,Normal,2,Moderate
30,1,1,5,2,0,1,1,1,0,0,0,0,3,1,1,1,2,2,1,0,0,7,3,0,1,1,1,1,1,0,5,2,6,14,10,Normal,Moderate,Mild,2,Moderate
22,2,0,5,2,0,1,1,1,1,1,2,1,8,2,1,0,1,1,1,0,0,4,2,0,1,1,1,1,0,0,4,1,16,8,8,Mild,Mild,Normal,1,Low
20,2,0,5,2,0,1,1,1,0,0,1,0,4,1,0,0,1,0,0,0,0,1,1,0,0,1,0,0,0,0,1,1,8,2,2,Normal,Normal,Normal,0,Low
25,1,0,5,2,0,1,1,1,1,1,1,1,7,1,1,1,1,1,1,1,1,7,3,1,1,1,1,1,1,1,7,3,14,14,14,Normal,Moderate,Moderate,2,Moderate
22,1,0,5,2,0,1,1,2,1,1,3,2,11,3,0,0,3,0,0,0,0,3,1,0,0,1,1,1,1,1,5,2,22,6,10,Moderate,Normal,Mild,2,Moderate
33,2,1,4,2,0,1,1,1,1,1,1,1,7,1,0,0,0,0,0,0,0,0,1,0,0,0,0,0,0,0,0,1,14,0,0,Normal,Normal,Normal,0,Low
30,2,1,4,2,0,1,1,1,1,0,1,0,5,1,1,1,1,0,2,1,1,7,3,1,0,1,0,0,1,0,3,1,10,14,6,Normal,Moderate,Normal,2,Moderate
25,2,1,4,2,0,1,1,1,0,0,1,1,5,1,1,0,1,2,1,0,0,5,2,0,1,0,2,1,0,0,4,1,10,10,8,Normal,Moderate,Normal,2,Moderate
22,2,1,4,2,0,1,1,1,0,0,1,1,5,1,1,0,0,2,1,0,0,4,2,0,1,0,2,1,0,0,4,1,10,8,8,Normal,Mild,Normal,1,Low
22,2,1,4,2,0,1,1,3,2,2,2,3,14,4,2,0,2,2,1,1,1,9,4,1,1,3,3,3,3,3,17,5,28,18,34,Severe,Severe,Extremely Severe,4,High
20,2,1,4,2,0,1,1,3,2,1,3,3,14,4,1,1,2,1,1,2,1,9,4,0,1,1,0,2,0,1,5,2,28,18,10,Severe,Severe,Mild,3,High
45,1,1,4,2,0,1,1,2,1,1,2,1,9,2,0,1,2,0,0,0,0,3,1,3,1,2,1,2,2,1,12,4,18,6,24,Mild,Normal,Severe,3,High
43,1,1,4,2,0,1,1,0,0,0,1,1,4,1,1,0,0,2,2,2,0,7,3,0,0,1,2,1,1,2,7,3,8,14,14,Normal,Moderate,Moderate,2,Moderate
41,1,1,4,2,0,1,1,1,1,1,1,1,7,1,1,1,1,1,1,1,0,6,3,0,1,0,1,1,0,0,3,1,14,12,6,Normal,Moderate,Normal,2,Moderate
40,1,1,4,2,0,1,1,2,1,1,1,1,8,2,2,1,0,3,1,2,1,10,5,0,1,1,2,1,0,1,6,2,16,20,12,Mild,Extremely Severe,Mild,4,High
38,1,1,4,2,0,1,1,0,2,0,3,1,8,2,1,2,3,0,1,0,1,8,4,0,0,1,1,1,0,2,5,2,16,16,10,Mild,Severe,Mild,3,High
37,1,1,4,2,0,1,1,2,1,3,3,2,13,4,0,0,2,1,1,0,0,4,2,1,3,1,2,2,3,0,12,4,26,8,24,Severe,Mild,Severe,3,High
36,1,1,4,2,0,1,1,1,1,2,1,1,8,2,0,0,0,2,1,0,0,3,1,1,0,2,3,3,1,2,12,4,16,6,24,Mild,Normal,Severe,3,High
35,1,1,4,2,0,1,1,1,0,0,1,1,5,1,1,0,1,2,1,0,0,5,2,0,1,0,2,1,0,0,4,1,10,10,8,Normal,Moderate,Normal,2,Moderate
35,1,1,4,2,0,1,1,1,1,1,1,1,7,1,0,2,0,0,0,0,2,4,2,1,2,1,3,2,1,2,12,4,14,8,24,Normal,Mild,Severe,3,High
35,1,1,4,2,0,1,1,2,2,1,0,2,9,2,1,1,0,0,1,3,2,8,4,1,3,2,0,1,2,3,12,4,18,16,24,Mild,Severe,Severe,3,High
32,1,1,4,2,0,1,1,1,0,0,1,1,5,1,1,0,1,2,1,0,0,5,2,0,1,0,2,1,0,0,4,1,10,10,8,Normal,Moderate,Normal,2,Moderate
30,1,1,4,2,0,1,1,1,2,1,1,1,8,2,0,0,0,0,0,0,0,0,1,0,0,0,3,2,0,1,6,2,16,0,12,Mild,Normal,Mild,1,Low
28,1,1,4,2,0,1,1,1,1,1,1,1,7,1,0,0,0,0,0,0,0,0,1,0,1,0,1,1,1,1,5,2,14,0,10,Normal,Normal,Mild,1,Low
20,1,0,4,2,0,1,1,2,1,2,1,2,10,3,2,1,1,1,2,1,1,9,4,1,0,1,0,1,2,1,6,2,20,18,12,Moderate,Severe,Mild,3,High
21,2,1,3,2,0,1,1,3,3,2,1,3,14,4,0,0,0,1,1,0,1,3,1,1,2,1,1,0,0,3,8,3,28,6,16,Severe,Normal,Moderate,3,High
47,1,1,3,2,0,1,1,1,1,1,1,1,7,1,0,0,0,0,0,0,0,0,1,0,0,0,0,1,1,2,4,1,14,0,8,Normal,Normal,Normal,0,Low
46,1,1,3,2,0,1,1,1,1,1,2,1,8,2,0,0,0,3,1,3,1,8,4,0,2,3,3,3,3,3,17,5,16,16,34,Mild,Severe,Extremely Severe,4,High
35,1,1,3,2,0,1,1,1,1,1,1,1,7,1,1,2,0,2,0,0,2,7,3,0,2,2,0,0,1,1,6,2,14,14,12,Normal,Moderate,Mild,2,Moderate
35,1,1,3,2,0,1,1,1,1,3,1,1,9,2,2,1,2,1,1,2,1,10,5,1,2,1,1,3,1,1,10,3,18,20,20,Mild,Extremely Severe,Moderate,4,High
34,1,1,3,2,0,1,1,0,1,0,1,3,7,1,1,1,0,3,1,0,1,7,3,0,0,1,3,3,1,3,11,4,14,14,22,Normal,Moderate,Severe,3,High
33,1,1,3,2,0,1,1,1,2,1,1,2,9,2,0,0,1,1,2,3,0,7,3,0,0,0,1,2,1,2,6,2,18,14,12,Mild,Moderate,Mild,2,Moderate
26,1,1,3,2,0,1,1,2,3,2,2,1,12,3,1,1,1,1,1,1,1,7,3,1,1,3,3,3,3,3,17,5,24,14,34,Moderate,Moderate,Extremely Severe,4,High
24,1,1,3,2,0,1,1,1,1,1,2,1,8,2,3,0,0,0,0,0,0,3,1,1,1,0,2,2,2,2,10,3,16,6,20,Mild,Normal,Moderate,2,Moderate
27,1,0,3,2,0,1,1,0,1,2,0,0,5,1,1,0,0,1,2,1,0,5,2,0,2,1,1,0,1,0,5,2,10,10,10,Normal,Moderate,Mild,2,Moderate
39,2,1,2,2,0,1,1,1,1,1,2,1,8,2,0,0,0,0,0,1,1,2,1,0,1,0,0,0,0,1,2,1,16,4,4,Mild,Normal,Normal,1,Low
39,2,1,2,2,0,1,1,1,1,1,1,1,7,1,0,1,1,1,2,2,0,7,3,3,1,2,3,1,3,1,14,5,14,14,28,Normal,Moderate,Extremely Severe,4,High
32,2,1,2,2,0,1,1,1,2,0,1,0,6,1,1,0,0,0,1,1,0,3,1,1,2,0,2,0,0,0,5,2,12,6,10,Normal,Normal,Mild,1,Low
32,2,1,2,2,0,1,1,1,1,1,2,1,8,2,2,0,1,1,1,1,0,6,3,0,0,1,1,1,2,1,6,2,16,12,12,Mild,Moderate,Mild,2,Moderate
60,1,1,2,2,0,1,1,2,2,1,2,3,12,3,1,0,1,1,2,2,1,8,4,0,1,1,2,2,1,1,8,3,24,16,16,Moderate,Severe,Moderate,3,High
51,1,1,2,2,0,1,1,1,0,0,1,1,5,1,1,0,1,2,1,0,0,5,2,0,1,0,2,1,0,0,4,1,10,10,8,Normal,Moderate,Normal,2,Moderate
51,1,1,2,2,0,1,1,2,1,1,1,2,9,2,0,1,0,3,1,2,1,8,4,0,1,1,0,2,0,1,5,2,18,16,10,Mild,Severe,Mild,3,High
48,1,1,2,2,0,1,1,1,3,0,2,3,11,3,1,0,0,3,0,0,3,7,3,0,0,0,2,2,2,0,6,2,22,14,12,Moderate,Moderate,Mild,2,Moderate
45,1,1,2,2,0,1,1,1,1,2,3,1,10,3,2,1,1,1,3,1,1,10,5,1,1,1,3,1,1,3,11,4,20,20,22,Moderate,Extremely Severe,Severe,4,High
45,1,1,2,2,0,1,1,1,1,1,1,1,7,1,1,1,0,3,1,2,1,9,4,1,2,1,2,3,2,3,14,5,14,18,28,Normal,Severe,Extremely Severe,4,High
40,1,1,2,2,0,1,1,0,0,1,3,2,8,2,3,0,1,1,0,0,1,6,3,1,2,3,2,2,1,3,14,5,16,12,28,Mild,Moderate,Extremely Severe,4,High
28,1,1,2,2,0,1,1,0,3,1,3,2,11,3,0,0,0,2,0,0,0,2,1,2,0,1,1,1,3,3,11,4,22,4,22,Moderate,Normal,Severe,3,High
23,1,0,2,2,0,1,1,1,1,1,1,2,8,2,1,0,0,2,0,0,1,4,2,3,0,1,2,2,2,2,12,4,16,8,24,Mild,Mild,Severe,3,High
22,1,0,2,2,0,1,1,3,1,1,3,1,11,3,0,1,0,3,1,0,1,6,3,1,0,0,1,1,1,0,4,1,22,12,8,Moderate,Moderate,Normal,2,Moderate
70,1,1,1,2,0,1,1,1,1,1,1,1,7,1,2,1,0,1,2,1,1,8,4,0,1,0,1,1,0,0,3,1,14,16,6,Normal,Severe,Normal,3,High
70,1,1,1,2,0,1,1,2,1,1,1,1,8,2,2,0,2,1,1,2,1,9,4,1,1,2,1,1,2,2,10,3,16,18,20,Mild,Severe,Moderate,3,High
65,1,1,1,2,0,1,1,1,2,0,3,3,11,3,3,0,3,2,0,1,1,10,5,3,3,0,2,2,0,0,10,3,22,20,20,Moderate,Extremely Severe,Moderate,4,High
61,1,1,1,2,0,1,1,2,2,0,3,1,10,3,1,2,1,1,1,1,2,9,4,1,0,1,2,1,1,0,6,2,20,18,12,Moderate,Severe,Mild,3,High
60,1,1,1,2,0,1,1,1,2,1,3,2,11,3,0,0,0,0,2,2,2,6,3,2,1,1,2,1,1,1,9,3,22,12,18,Moderate,Moderate,Moderate,2,Moderate
60,1,1,1,2,0,1,1,1,2,0,3,3,11,3,0,0,1,2,0,1,1,5,2,3,3,0,2,2,0,0,10,3,22,10,20,Moderate,Moderate,Moderate,2,Moderate
58,1,1,1,2,0,1,1,1,1,1,1,1,7,1,2,0,2,2,0,0,0,6,3,2,1,2,1,1,1,2,10,3,14,12,20,Normal,Moderate,Moderate,2,Moderate
48,1,1,1,2,0,1,1,1,1,1,1,1,7,1,0,0,1,2,1,1,1,6,3,0,0,1,1,0,1,1,4,1,14,12,8,Normal,Moderate,Normal,2,Moderate
23,1,0,1,2,0,1,1,1,1,1,1,2,8,2,0,0,1,3,3,0,0,7,3,0,0,0,1,1,0,0,2,1,16,14,4,Mild,Moderate,Normal,2,Moderate
45,2,1,5,1,0,1,1,1,1,1,1,0,6,1,0,0,0,0,0,0,0,0,1,1,1,1,1,1,1,1,7,3,12,0,14,Normal,Normal,Moderate,2,Moderate
38,2,1,5,1,0,1,1,0,1,1,1,0,5,1,0,0,0,0,0,1,1,2,1,0,1,1,1,1,1,1,6,2,10,4,12,Normal,Normal,Mild,1,Low
30,2,1,5,1,0,1,1,1,1,1,1,1,7,1,0,0,0,0,0,1,0,1,1,0,1,1,1,1,1,1,6,2,14,2,12,Normal,Normal,Mild,1,Low
37,2,1,4,1,0,1,1,1,0,1,0,0,4,1,1,1,0,0,0,1,0,3,1,1,0,0,1,1,0,0,3,1,8,6,6,Normal,Normal,Normal,0,Low
32,2,1,4,1,0,1,1,1,1,1,1,1,7,1,0,0,0,0,0,0,0,0,1,0,0,0,0,0,0,0,0,1,14,0,0,Normal,Normal,Normal,0,Low
32,2,1,4,1,0,1,1,1,1,1,1,1,7,1,0,1,0,0,0,0,0,1,1,0,0,0,0,0,0,0,0,1,14,2,0,Normal,Normal,Normal,0,Low
32,2,1,4,1,0,1,1,1,1,1,1,1,7,1,1,0,0,0,0,0,0,1,1,0,0,0,1,0,0,0,1,1,14,2,2,Normal,Normal,Normal,0,Low
32,2,1,4,1,0,1,1,1,1,1,1,1,7,1,0,0,0,0,0,1,0,1,1,0,1,0,0,1,0,0,2,1,14,2,4,Normal,Normal,Normal,0,Low
30,2,1,4,1,0,1,1,1,1,1,1,1,7,1,1,0,0,0,0,0,0,1,1,0,0,0,0,0,0,0,0,1,14,2,0,Normal,Normal,Normal,0,Low
27,2,1,4,1,0,1,1,1,1,1,1,1,7,1,0,0,0,0,0,0,0,0,1,0,0,0,0,0,0,0,0,1,14,0,0,Normal,Normal,Normal,0,Low
26,2,1,4,1,0,1,1,1,1,1,1,1,7,1,1,0,0,0,0,0,0,1,1,0,0,0,0,0,0,0,0,1,14,2,0,Normal,Normal,Normal,0,Low
26,2,1,4,1,0,1,1,1,1,1,1,1,7,1,1,0,0,0,0,0,0,1,1,0,0,0,0,1,0,0,1,1,14,2,2,Normal,Normal,Normal,0,Low
26,2,1,4,1,0,1,1,1,1,1,1,1,7,1,0,1,0,0,0,1,0,2,1,0,0,1,0,0,0,0,1,1,14,4,2,Normal,Normal,Normal,0,Low
25,2,1,4,1,0,1,1,1,0,0,0,1,4,1,1,1,0,0,0,0,0,2,1,1,1,1,1,1,1,1,7,3,8,4,14,Normal,Normal,Moderate,2,Moderate
24,2,1,4,1,0,1,1,1,1,1,1,1,7,1,0,0,0,0,0,0,0,0,1,0,0,0,0,0,0,0,0,1,14,0,0,Normal,Normal,Normal,0,Low
24,2,1,4,1,0,1,1,1,1,1,1,1,7,1,0,0,0,0,0,0,0,0,1,0,0,0,0,0,0,0,0,1,14,0,0,Normal,Normal,Normal,0,Low
22,2,1,4,1,0,1,1,1,1,1,1,1,7,1,0,0,0,0,0,0,0,0,1,0,0,0,0,0,0,0,0,1,14,0,0,Normal,Normal,Normal,0,Low
22,2,1,4,1,0,1,1,1,1,1,1,1,7,1,0,0,0,0,0,0,0,0,1,0,0,0,0,0,0,0,0,1,14,0,0,Normal,Normal,Normal,0,Low
22,2,1,4,1,0,1,1,1,1,1,1,1,7,1,0,0,0,0,0,0,0,0,1,0,0,0,0,0,0,0,0,1,14,0,0,Normal,Normal,Normal,0,Low
22,2,1,4,1,0,1,1,1,1,1,1,1,7,1,0,0,0,0,0,0,0,0,1,0,0,0,0,0,0,0,0,1,14,0,0,Normal,Normal,Normal,0,Low
21,2,1,4,1,0,1,1,1,1,1,1,1,7,1,0,0,0,0,0,0,0,0,1,0,0,0,0,0,0,0,0,1,14,0,0,Normal,Normal,Normal,0,Low
21,2,1,4,1,0,1,1,1,1,1,1,1,7,1,0,0,0,0,0,0,0,0,1,0,0,0,0,0,0,0,0,1,14,0,0,Normal,Normal,Normal,0,Low
20,2,1,4,1,0,1,1,1,1,1,1,1,7,1,0,0,0,0,0,0,0,0,1,0,0,0,0,0,0,0,0,1,14,0,0,Normal,Normal,Normal,0,Low
20,2,1,4,1,0,1,1,1,1,1,1,1,7,1,0,0,0,0,0,0,0,0,1,0,0,0,0,0,0,0,0,1,14,0,0,Normal,Normal,Normal,0,Low
20,2,1,4,1,0,1,1,1,1,1,1,1,7,1,0,0,0,0,0,0,0,0,1,0,0,0,0,0,0,0,0,1,14,0,0,Normal,Normal,Normal,0,Low
20,2,1,4,1,0,1,1,1,1,1,1,1,7,1,0,0,0,0,0,1,0,1,1,0,0,0,0,0,0,0,0,1,14,2,0,Normal,Normal,Normal,0,Low
20,2,1,4,1,0,1,1,1,1,1,1,1,7,1,0,0,1,0,0,0,0,1,1,0,0,0,1,0,0,0,1,1,14,2,2,Normal,Normal,Normal,0,Low
20,2,1,4,1,0,1,1,1,1,1,1,1,7,1,0,0,1,0,0,1,0,2,1,0,0,0,1,0,0,0,1,1,14,4,2,Normal,Normal,Normal,0,Low
45,2,1,3,1,0,1,1,0,0,1,1,1,5,1,1,0,0,1,1,0,0,3,1,2,0,0,0,0,0,0,2,1,10,6,4,Normal,Normal,Normal,0,Low
40,2,1,3,1,0,1,1,0,0,0,1,0,3,1,0,0,0,0,0,1,0,1,1,0,1,0,0,0,0,0,1,1,6,2,2,Normal,Normal,Normal,0,Low
32,2,1,3,1,0,1,1,1,1,0,0,2,6,1,0,1,1,1,0,0,0,3,1,1,0,1,1,1,1,1,6,2,12,6,12,Normal,Normal,Mild,1,Low
32,2,1,3,1,0,1,1,1,2,1,1,1,8,2,0,2,0,2,2,0,0,6,3,2,1,0,2,1,2,2,10,3,16,12,20,Mild,Moderate,Moderate,2,Moderate
30,2,1,3,1,0,1,1,1,2,1,1,1,8,2,0,0,0,0,3,0,0,3,1,1,2,1,2,2,2,1,11,4,16,6,22,Mild,Normal,Severe,3,High
30,2,1,3,1,0,1,1,1,2,1,1,1,8,2,0,0,2,0,0,0,0,2,1,2,2,1,2,1,2,2,12,4,16,4,24,Mild,Normal,Severe,3,High
29,2,1,3,1,0,1,1,2,1,1,1,1,8,2,1,0,0,0,0,1,1,3,1,0,1,0,3,1,0,1,6,2,16,6,12,Mild,Normal,Mild,1,Low
28,2,1,3,1,0,1,1,1,1,1,1,1,7,1,0,0,0,0,0,0,0,0,1,0,0,0,0,0,0,0,0,1,14,0,0,Normal,Normal,Normal,0,Low
28,2,1,3,1,0,1,1,2,1,1,1,1,8,2,2,1,1,1,1,2,0,8,4,1,0,1,1,1,1,1,6,2,16,16,12,Mild,Severe,Mild,3,High
27,2,1,3,1,0,1,1,0,1,0,1,3,7,1,1,1,0,3,1,0,1,7,3,0,0,1,0,1,0,2,4,1,14,14,8,Normal,Moderate,Normal,2,Moderate
27,2,1,3,1,0,1,1,2,1,0,3,1,9,2,0,1,1,0,1,2,3,8,4,0,0,0,1,3,0,2,6,2,18,16,12,Mild,Severe,Mild,3,High
25,2,1,3,1,0,1,1,1,1,1,1,1,7,1,0,0,0,0,0,0,0,0,1,0,0,0,0,0,0,0,0,1,14,0,0,Normal,Normal,Normal,0,Low
25,2,1,3,1,0,1,1,1,0,0,1,1,5,1,1,0,1,2,1,0,0,5,2,0,1,0,2,1,0,0,4,1,10,10,8,Normal,Moderate,Normal,2,Moderate
24,2,1,3,1,0,1,1,2,1,1,1,2,9,2,0,1,0,3,1,2,1,8,4,0,1,1,0,2,0,1,5,2,18,16,10,Mild,Severe,Mild,3,High
22,2,1,3,1,0,1,1,1,3,0,2,3,11,3,1,0,0,3,0,0,3,7,3,2,2,0,0,0,0,0,4,1,22,14,8,Moderate,Moderate,Normal,2,Moderate
18,2,1,3,1,0,1,1,1,1,1,2,1,8,2,0,0,1,0,0,0,0,1,1,3,3,3,3,3,3,3,21,5,16,2,42,Mild,Normal,Extremely Severe,4,High
55,2,1,2,1,0,1,1,2,1,0,3,1,9,2,0,1,1,0,1,2,3,8,4,0,0,0,1,0,0,2,3,1,18,16,6,Mild,Severe,Normal,3,High
50,2,1,2,1,0,1,1,0,1,0,1,3,7,1,1,1,0,3,1,0,1,7,3,0,0,1,3,1,0,2,7,3,14,14,14,Normal,Moderate,Moderate,2,Moderate
48,2,1,2,1,0,1,1,1,1,1,1,1,7,1,0,0,0,0,0,0,0,0,1,0,0,0,0,0,0,0,0,1,14,0,0,Normal,Normal,Normal,0,Low
31,2,1,2,1,0,1,1,2,2,1,3,1,11,3,0,0,0,0,0,0,0,0,1,2,1,3,1,2,1,2,12,4,22,0,24,Moderate,Normal,Severe,3,High
30,2,1,2,1,0,1,1,1,1,1,2,1,8,2,0,3,0,0,0,0,0,3,1,3,3,3,3,3,3,3,21,5,16,6,42,Mild,Normal,Extremely Severe,4,High
28,2,1,2,1,0,1,1,1,1,1,1,2,8,2,2,0,0,2,1,1,1,7,3,1,1,2,3,0,3,3,13,4,16,14,26,Mild,Moderate,Severe,3,High
70,2,1,1,1,0,1,1,0,0,0,2,2,6,1,2,2,0,0,0,1,1,6,3,1,2,1,2,3,1,0,10,3,12,12,20,Normal,Moderate,Moderate,2,Moderate
64,2,1,1,1,0,1,1,3,2,2,2,1,12,3,1,1,1,1,1,1,0,6,3,1,2,3,1,2,3,1,13,4,24,12,26,Moderate,Moderate,Severe,3,High
55,2,1,1,1,0,1,1,2,1,2,2,0,9,2,0,0,1,0,0,0,1,2,1,1,1,0,2,2,2,3,11,4,18,4,22,Mild,Normal,Severe,3,High
52,2,1,1,1,0,1,1,1,1,1,1,1,7,1,0,0,0,0,0,0,0,0,1,0,0,0,0,0,0,0,0,1,14,0,0,Normal,Normal,Normal,0,Low
49,2,1,1,1,0,1,1,1,1,1,2,1,8,2,2,0,0,0,0,0,0,2,1,1,2,1,3,2,1,2,12,4,16,4,24,Mild,Normal,Severe,3,High
42,2,1,1,1,0,1,1,1,1,1,1,2,8,2,1,0,0,2,2,2,2,9,4,1,1,2,2,2,2,2,12,4,16,18,24,Mild,Severe,Severe,3,High
28,2,1,1,1,0,1,1,1,0,0,0,0,3,1,1,1,2,2,1,0,0,7,3,0,1,1,1,1,1,0,5,2,6,14,10,Normal,Moderate,Mild,2,Moderate
25,2,1,1,1,0,1,1,2,0,0,1,1,6,1,0,0,0,1,0,0,0,1,1,0,1,1,0,2,1,1,6,2,12,2,12,Normal,Normal,Mild,1,Low
65,1,1,1,6,1,0,1,1,1,1,2,1,7,1,1,0,1,3,1,1,2,9,4,1,1,1,2,1,3,1,10,3,14,18,20,Normal,Severe,Moderate,3,High
23,2,0,5,4,1,0,1,1,0,0,1,2,5,1,1,1,1,0,0,1,0,4,2,1,0,0,1,0,1,1,4,1,10,8,8,Normal,Mild,Normal,1,Low
21,2,0,5,4,1,0,1,1,0,0,0,1,3,1,1,0,0,0,1,1,1,4,2,0,0,0,0,1,0,1,2,1,6,8,4,Normal,Mild,Normal,1,Low
20,2,0,5,4,1,0,1,0,1,2,1,2,7,1,0,0,1,0,1,0,0,2,1,0,0,0,0,0,1,0,1,1,14,4,2,Normal,Normal,Normal,0,Low
20,2,0,5,4,1,0,1,0,0,3,1,3,8,2,0,0,0,1,0,2,3,6,3,0,0,1,1,3,0,1,6,2,16,12,12,Mild,Moderate,Mild,2,Moderate
20,2,0,5,4,1,0,1,0,0,1,0,0,2,1,1,0,0,1,1,0,0,3,1,0,1,2,2,0,0,1,6,2,4,6,12,Normal,Normal,Mild,1,Low
21,1,0,5,4,1,0,1,0,0,0,1,1,3,1,0,0,0,0,0,0,0,0,1,0,1,1,1,0,1,1,5,2,6,0,10,Normal,Normal,Mild,1,Low
20,1,0,5,4,1,0,1,1,1,0,0,0,3,1,0,0,0,1,1,0,0,2,1,2,0,1,1,1,1,1,7,3,6,4,14,Normal,Normal,Moderate,2,Moderate
34,1,1,4,4,1,0,1,3,1,0,1,2,8,2,1,0,1,0,0,0,0,2,1,1,1,2,1,1,0,0,6,2,16,4,12,Mild,Normal,Mild,1,Low
21,2,0,4,4,1,0,1,0,2,1,3,2,9,2,0,1,2,0,0,0,0,3,1,0,2,2,2,0,0,0,6,2,18,6,12,Mild,Normal,Mild,1,Low
20,2,0,4,4,1,0,1,2,1,0,1,2,7,1,0,0,1,3,0,0,1,5,2,0,0,0,2,2,2,0,6,2,14,10,12,Normal,Moderate,Mild,2,Moderate
30,1,1,5,3,1,0,1,0,1,1,2,1,6,1,1,2,2,0,0,1,0,6,3,0,0,0,0,0,0,0,0,1,12,12,0,Normal,Moderate,Normal,2,Moderate
45,2,1,4,3,1,0,1,0,0,0,1,1,3,1,0,0,1,1,0,1,0,3,1,3,1,0,0,0,0,0,4,1,6,6,8,Normal,Normal,Normal,0,Low
35,1,1,4,3,1,0,1,0,1,0,1,3,6,1,1,0,0,0,0,0,0,1,1,0,0,0,0,2,2,2,6,2,12,2,12,Normal,Normal,Mild,1,Low
28,1,1,4,3,1,0,1,1,1,0,1,1,5,1,0,0,1,0,0,1,0,2,1,0,1,2,1,1,1,2,8,3,10,4,16,Normal,Normal,Moderate,2,Moderate
30,2,1,3,3,1,0,1,1,1,1,1,1,6,1,0,0,0,0,0,0,0,0,1,1,0,1,1,1,1,1,6,2,12,0,12,Normal,Normal,Mild,1,Low
48,1,1,3,3,1,0,1,1,1,0,0,3,6,1,1,1,3,0,1,3,1,10,5,0,1,0,1,3,1,0,6,2,12,20,12,Normal,Extremely Severe,Mild,4,High
44,1,1,3,3,1,0,1,1,1,1,1,1,6,1,1,0,1,1,1,0,1,5,2,0,1,0,1,1,2,1,6,2,12,10,12,Normal,Moderate,Mild,2,Moderate
44,1,1,1,3,1,0,1,1,1,0,1,1,5,1,2,0,0,0,1,1,1,5,2,1,0,1,1,0,0,1,4,1,10,10,8,Normal,Moderate,Normal,2,Moderate
26,2,1,5,2,1,0,1,0,0,0,1,2,4,1,1,1,0,1,0,0,0,3,1,0,0,0,0,0,0,0,0,1,8,6,0,Normal,Normal,Normal,0,Low
32,1,1,5,2,1,0,1,1,1,1,1,1,6,1,1,3,0,0,1,1,0,6,3,0,0,1,0,1,0,1,3,1,12,12,6,Normal,Moderate,Normal,2,Moderate
26,1,0,5,2,1,0,1,0,1,0,1,1,4,1,2,1,0,0,1,0,0,4,2,1,0,0,0,0,0,0,1,1,8,8,2,Normal,Mild,Normal,1,Low
22,1,0,5,2,1,0,1,1,2,3,2,3,12,3,0,0,0,2,2,0,0,4,2,1,1,0,2,2,2,2,10,3,24,8,20,Moderate,Mild,Moderate,2,Moderate
28,2,1,4,2,1,0,1,0,1,1,3,3,9,2,1,1,0,0,0,1,0,3,1,3,0,0,2,1,2,2,10,3,18,6,20,Mild,Normal,Moderate,2,Moderate
44,1,1,4,2,1,0,1,0,1,1,3,0,6,1,0,0,1,0,2,0,0,3,1,0,2,1,1,2,1,1,8,3,12,6,16,Normal,Normal,Moderate,2,Moderate
33,1,1,4,2,1,0,1,0,0,1,1,0,3,1,1,0,0,1,0,1,1,4,2,0,1,0,1,0,0,1,3,1,6,8,6,Normal,Mild,Normal,1,Low
26,1,0,4,2,1,0,1,1,1,2,2,2,9,2,1,1,1,2,2,2,1,10,5,1,2,1,2,1,2,2,11,4,18,20,22,Mild,Extremely Severe,Severe,4,High
32,1,1,3,2,1,0,1,1,1,1,3,1,8,2,0,1,2,2,1,0,3,9,4,1,0,1,1,2,2,1,8,3,16,18,16,Mild,Severe,Moderate,3,High
29,1,1,3,2,1,0,1,0,1,0,1,1,4,1,1,0,0,0,0,0,0,1,1,0,1,1,2,1,0,0,5,2,8,2,10,Normal,Normal,Mild,1,Low
23,1,0,3,2,1,0,1,0,1,2,0,2,6,1,1,0,1,2,1,1,0,6,3,0,0,1,1,1,0,2,5,2,12,12,10,Normal,Moderate,Mild,2,Moderate
34,2,1,2,2,1,0,1,0,1,1,3,1,7,1,2,0,1,2,1,3,1,10,5,0,1,1,1,1,1,1,6,2,14,20,12,Normal,Extremely Severe,Mild,4,High
37,1,1,2,2,1,0,1,1,1,1,3,0,7,1,1,0,1,1,0,1,0,4,2,0,1,0,1,1,0,1,4,1,14,8,8,Normal,Mild,Normal,1,Low
50,1,1,1,2,1,0,1,0,0,0,1,0,2,1,1,0,1,0,1,0,1,4,2,0,0,0,0,0,0,0,0,1,4,8,0,Normal,Mild,Normal,1,Low
31,2,1,5,1,1,0,1,2,3,0,1,2,9,2,3,0,1,2,3,0,1,10,5,2,3,0,1,2,3,0,11,4,18,20,22,Mild,Extremely Severe,Severe,4,High
45,2,1,4,1,1,0,1,1,2,3,2,2,11,3,1,0,1,2,2,2,1,9,4,1,2,1,2,0,0,1,7,3,22,18,14,Moderate,Severe,Moderate,3,High
45,2,1,4,1,1,0,1,3,1,2,1,0,8,2,1,0,0,1,3,2,1,8,4,2,1,3,3,0,1,3,13,4,16,16,26,Mild,Severe,Severe,3,High
38,2,1,4,1,1,0,1,0,1,2,2,1,7,1,0,0,0,2,0,0,0,2,1,3,2,2,1,2,1,3,14,5,14,4,28,Normal,Normal,Extremely Severe,4,High
35,2,1,4,1,1,0,1,1,0,1,2,1,6,1,0,0,1,0,0,1,2,4,2,1,1,1,0,1,1,0,5,2,12,8,10,Normal,Mild,Mild,1,Low
35,2,1,4,1,1,0,1,2,3,2,1,0,9,2,1,2,3,2,1,0,1,10,5,2,3,2,1,0,1,2,11,4,18,20,22,Mild,Extremely Severe,Severe,4,High
27,2,1,4,1,1,0,1,1,1,0,1,2,6,1,0,0,1,0,0,1,1,3,1,0,0,0,0,1,0,0,1,1,12,6,2,Normal,Normal,Normal,0,Low
22,2,1,4,1,1,0,1,2,1,2,3,2,11,3,1,2,2,1,1,1,2,10,5,1,1,2,1,2,1,2,10,3,22,20,20,Moderate,Extremely Severe,Moderate,4,High
30,2,1,3,1,1,0,1,1,0,0,1,2,5,1,0,0,0,0,0,1,0,1,1,0,0,0,1,0,0,0,1,1,10,2,2,Normal,Normal,Normal,0,Low
30,2,1,3,1,1,0,1,0,2,2,1,2,8,2,0,0,0,3,3,0,0,6,3,1,1,0,0,1,1,0,4,1,16,12,8,Mild,Moderate,Normal,2,Moderate
28,2,1,3,1,1,0,1,0,1,0,1,0,3,1,1,0,1,0,1,0,0,3,1,0,0,0,1,0,0,0,1,1,6,6,2,Normal,Normal,Normal,0,Low
40,2,1,2,1,1,0,1,2,0,1,0,1,5,1,0,0,0,0,1,1,0,2,1,0,0,1,1,1,1,1,5,2,10,4,10,Normal,Normal,Mild,1,Low
30,2,1,2,1,1,0,1,1,2,1,3,3,11,3,2,1,2,0,1,2,1,9,4,2,1,0,0,2,1,2,8,3,22,18,16,Moderate,Severe,Moderate,3,High
73,2,1,1,1,1,0,1,0,1,0,2,3,7,1,1,0,0,2,2,0,0,5,2,0,0,1,0,1,0,0,2,1,14,10,4,Normal,Moderate,Normal,2,Moderate
68,2,1,1,1,1,0,1,2,3,0,1,2,9,2,0,0,0,1,0,0,0,1,1,0,1,2,1,2,1,2,9,3,18,2,18,Mild,Normal,Moderate,2,Moderate
62,2,1,1,1,1,0,1,1,0,1,1,1,5,1,0,0,1,1,0,1,1,4,2,1,2,2,1,1,2,2,11,4,10,8,22,Normal,Mild,Severe,3,High
60,2,1,1,1,1,0,1,2,1,1,1,2,8,2,2,0,0,1,1,1,0,5,2,0,0,3,3,2,1,2,11,4,16,10,22,Mild,Moderate,Severe,3,High
58,2,1,1,1,1,0,1,1,1,1,1,0,5,1,0,1,0,0,1,1,1,4,2,0,0,1,1,0,1,1,4,1,10,8,8,Normal,Mild,Normal,1,Low
55,2,1,1,1,1,0,1,1,2,1,3,2,10,3,2,1,1,0,2,3,1,10,5,2,1,2,3,1,3,2,14,5,20,20,28,Moderate,Extremely Severe,Extremely Severe,4,High
52,2,1,1,1,1,0,1,2,1,2,1,2,9,2,1,2,1,2,1,2,1,10,5,2,1,3,2,1,2,0,11,4,18,20,22,Mild,Extremely Severe,Severe,4,High
52,2,1,1,1,1,0,1,0,1,0,1,1,4,1,0,1,0,0,2,1,2,6,3,1,2,3,3,2,3,3,17,5,8,12,34,Normal,Moderate,Extremely Severe,4,High
49,2,1,1,1,1,0,1,0,1,0,0,0,2,1,0,0,1,1,0,1,1,4,2,0,1,0,1,1,1,1,5,2,4,8,10,Normal,Mild,Mild,1,Low
30,2,1,1,1,1,0,1,0,1,0,2,1,5,1,1,0,1,2,0,0,1,5,2,1,2,2,2,1,1,1,10,3,10,10,20,Normal,Moderate,Moderate,2,Moderate
68,1,1,1,6,0,0,1,2,1,2,2,2,10,3,1,1,2,1,2,1,2,10,5,1,2,3,0,1,1,1,9,3,20,20,18,Moderate,Extremely Severe,Moderate,4,High
68,1,1,1,6,0,0,1,1,1,1,2,1,7,1,1,0,1,3,1,1,2,9,4,1,1,1,2,1,3,1,10,3,14,18,20,Normal,Severe,Moderate,3,High
62,1,1,2,5,0,0,1,0,0,1,2,3,7,1,0,0,2,2,0,0,0,4,2,2,2,3,0,0,1,2,10,3,14,8,20,Normal,Mild,Moderate,2,Moderate
52,1,1,2,5,0,0,1,1,2,1,1,2,8,2,0,0,0,2,0,1,0,3,1,2,2,2,1,1,0,0,8,3,16,6,16,Mild,Normal,Moderate,2,Moderate
49,1,1,2,5,0,0,1,2,3,1,1,2,10,3,1,1,1,0,0,1,0,4,2,0,2,1,1,2,1,1,8,3,20,8,16,Moderate,Mild,Moderate,2,Moderate
40,1,1,2,5,0,0,1,3,1,0,1,2,8,2,1,0,1,0,0,0,0,2,1,1,1,2,1,1,0,0,6,2,16,4,12,Mild,Normal,Mild,1,Low
23,2,1,5,4,0,0,1,1,1,1,3,0,7,1,1,0,1,1,0,1,0,4,2,0,1,0,1,1,0,1,4,1,14,8,8,Normal,Mild,Normal,1,Low
22,2,1,5,4,0,0,1,1,1,1,1,1,6,1,1,1,1,1,1,1,1,7,3,1,2,3,1,2,1,2,12,4,12,14,24,Normal,Moderate,Severe,3,High
20,2,1,5,4,0,0,1,1,1,0,1,1,5,1,0,0,1,1,2,0,1,5,2,1,0,1,2,0,1,0,5,2,10,10,10,Normal,Moderate,Mild,2,Moderate
20,2,1,5,4,0,0,1,1,0,1,0,1,4,1,0,1,2,1,0,1,1,6,3,2,0,1,0,3,0,0,6,2,8,12,12,Normal,Moderate,Mild,2,Moderate
19,2,1,5,4,0,0,1,0,0,0,1,0,2,1,0,0,0,0,0,0,0,0,1,0,0,0,0,0,0,0,0,1,4,0,0,Normal,Normal,Normal,0,Low
19,2,1,5,4,0,0,1,1,0,1,1,1,5,1,1,1,1,0,0,0,0,3,1,0,0,0,0,0,0,1,1,1,10,6,2,Normal,Normal,Normal,0,Low
37,1,1,5,4,0,0,1,0,1,1,2,1,6,1,1,2,2,0,0,1,0,6,3,0,0,0,0,0,0,0,0,1,12,12,0,Normal,Moderate,Normal,2,Moderate
22,2,0,5,4,0,0,1,0,1,0,1,1,4,1,0,0,0,0,0,0,1,1,1,0,0,0,1,1,0,1,3,1,8,2,6,Normal,Normal,Normal,0,Low
22,2,0,5,4,0,0,1,0,0,0,1,1,3,1,0,0,0,0,1,1,2,4,2,0,1,1,0,0,0,1,3,1,6,8,6,Normal,Mild,Normal,1,Low
22,2,0,5,4,0,0,1,2,3,0,1,2,9,2,3,0,0,0,0,0,1,4,2,1,1,2,1,3,0,3,11,4,18,8,22,Mild,Mild,Severe,3,High
21,2,0,5,4,0,0,1,0,0,0,1,0,2,1,1,0,1,0,1,0,1,4,2,0,0,0,0,0,0,0,0,1,4,8,0,Normal,Mild,Normal,1,Low
21,2,0,5,4,0,0,1,0,0,0,1,1,3,1,1,0,0,0,0,1,0,2,1,0,0,1,1,0,0,0,2,1,6,4,4,Normal,Normal,Normal,0,Low
21,2,0,5,4,0,0,1,0,1,1,2,0,5,1,0,0,2,0,0,1,0,3,1,0,0,1,0,0,1,2,4,1,10,6,8,Normal,Normal,Normal,0,Low
21,2,0,5,4,0,0,1,0,0,0,0,1,2,1,2,0,0,1,0,0,0,3,1,3,2,1,0,3,2,0,11,4,4,6,22,Normal,Normal,Severe,3,High
20,2,0,5,4,0,0,1,0,0,0,0,0,1,1,1,0,0,0,0,0,0,1,1,0,0,0,0,0,0,0,0,1,2,2,0,Normal,Normal,Normal,0,Low
20,2,0,5,4,0,0,1,0,0,0,0,0,1,1,2,0,0,0,0,0,0,2,1,0,0,0,0,0,0,0,0,1,2,4,0,Normal,Normal,Normal,0,Low
20,2,0,5,4,0,0,1,1,1,1,0,0,4,1,0,1,1,0,0,1,0,3,1,0,0,0,0,0,0,0,0,1,8,6,0,Normal,Normal,Normal,0,Low
20,2,0,5,4,0,0,1,2,1,2,2,1,9,2,0,0,0,0,0,1,0,1,1,0,0,1,0,0,0,0,1,1,18,2,2,Mild,Normal,Normal,1,Low
20,2,0,5,4,0,0,1,0,1,1,1,0,4,1,0,0,0,1,0,0,0,1,1,1,0,1,0,0,0,0,2,1,8,2,4,Normal,Normal,Normal,0,Low
20,2,0,5,4,0,0,1,2,1,0,1,1,6,1,0,0,0,0,1,0,0,1,1,0,0,1,1,1,0,0,3,1,12,2,6,Normal,Normal,Normal,0,Low
20,2,0,5,4,0,0,1,1,1,1,0,0,4,1,1,2,0,0,0,0,1,4,2,1,2,0,0,0,1,0,4,1,8,8,8,Normal,Mild,Normal,1,Low
20,2,0,5,4,0,0,1,1,0,1,1,0,4,1,1,0,2,1,0,0,0,4,2,0,0,2,1,0,1,1,5,2,8,8,10,Normal,Mild,Mild,1,Low
20,2,0,5,4,0,0,1,1,0,1,1,1,5,1,0,0,1,1,1,1,0,4,2,1,1,1,2,2,1,0,8,3,10,8,16,Normal,Mild,Moderate,2,Moderate
20,2,0,5,4,0,0,1,1,0,2,3,0,7,1,1,0,0,0,0,1,2,4,2,0,0,1,2,2,0,0,5,2,14,8,10,Normal,Mild,Mild,1,Low
20,2,0,5,4,0,0,1,2,1,1,0,1,6,1,1,0,0,1,2,0,1,5,2,1,3,1,0,0,3,0,8,3,12,10,16,Normal,Moderate,Moderate,2,Moderate
20,2,0,5,4,0,0,1,1,0,1,1,1,5,1,1,0,1,1,0,1,1,5,2,2,2,1,1,1,2,0,9,3,10,10,18,Normal,Moderate,Moderate,2,Moderate
20,2,0,5,4,0,0,1,1,0,0,2,0,4,1,3,1,2,0,1,2,0,9,4,1,1,1,0,1,3,2,9,3,8,18,18,Normal,Severe,Moderate,3,High
20,2,0,5,4,0,0,1,1,1,0,1,2,6,1,0,0,0,1,1,1,1,4,2,2,2,3,2,1,1,1,12,4,12,8,24,Normal,Mild,Severe,3,High
19,2,0,5,4,0,0,1,0,1,0,1,0,3,1,0,0,0,1,0,0,1,2,1,0,0,1,1,0,0,0,2,1,6,4,4,Normal,Normal,Normal,0,Low
19,2,0,5,4,0,0,1,0,0,0,1,0,2,1,1,1,1,0,0,0,1,4,2,0,1,0,1,1,1,0,4,1,4,8,8,Normal,Mild,Normal,1,Low
19,2,0,5,4,0,0,1,1,1,1,1,1,6,1,1,0,1,0,2,1,0,5,2,1,1,1,0,1,0,0,4,1,12,10,8,Normal,Moderate,Normal,2,Moderate
19,2,0,5,4,0,0,1,1,0,1,0,0,3,1,1,0,0,0,1,0,0,2,1,1,1,1,0,0,0,3,6,2,6,4,12,Normal,Normal,Mild,1,Low
19,2,0,5,4,0,0,1,0,1,0,0,1,3,1,0,0,1,0,1,1,0,3,1,0,1,1,1,1,2,0,6,2,6,6,12,Normal,Normal,Mild,1,Low
22,1,0,5,4,0,0,1,0,0,0,3,2,6,1,1,0,0,2,0,0,2,5,2,0,1,0,0,0,0,0,1,1,12,10,2,Normal,Moderate,Normal,2,Moderate
22,1,0,5,4,0,0,1,0,0,2,0,1,4,1,1,1,0,0,0,0,0,2,1,3,2,0,1,1,0,0,7,3,8,4,14,Normal,Normal,Moderate,2,Moderate
22,1,0,5,4,0,0,1,0,1,0,2,0,4,1,1,2,0,2,3,0,2,10,5,1,3,0,2,1,0,1,8,3,8,20,16,Normal,Extremely Severe,Moderate,4,High
21,1,0,5,4,0,0,1,0,1,0,1,1,4,1,0,0,0,1,1,0,1,3,1,0,0,0,0,1,0,0,1,1,8,6,2,Normal,Normal,Normal,0,Low
21,1,0,5,4,0,0,1,0,0,2,3,2,8,2,1,0,0,2,0,0,3,6,3,2,0,1,0,0,0,0,3,1,16,12,6,Mild,Moderate,Normal,2,Moderate
21,1,0,5,4,0,0,1,1,1,1,1,1,6,1,1,1,0,0,1,1,1,5,2,0,1,0,1,1,1,0,4,1,12,10,8,Normal,Moderate,Normal,2,Moderate
21,1,0,5,4,0,0,1,0,0,0,0,1,2,1,1,1,0,0,1,1,0,4,2,0,1,0,1,2,1,0,5,2,4,8,10,Normal,Mild,Mild,1,Low
21,1,0,5,4,0,0,1,1,2,1,0,1,6,1,1,0,1,0,1,1,0,4,2,1,1,0,1,0,1,1,5,2,12,8,10,Normal,Mild,Mild,1,Low
21,1,0,5,4,0,0,1,0,0,2,3,2,8,2,1,0,0,0,2,0,0,3,1,3,2,0,0,1,0,0,6,2,16,6,12,Mild,Normal,Mild,1,Low
20,1,0,5,4,0,0,1,0,0,0,0,0,1,1,1,1,0,0,0,0,0,2,1,0,0,0,0,0,0,0,0,1,2,4,0,Normal,Normal,Normal,0,Low
20,1,0,5,4,0,0,1,1,2,1,1,1,7,1,1,0,0,0,1,0,0,2,1,1,1,1,1,0,1,1,6,2,14,4,12,Normal,Normal,Mild,1,Low
25,1,1,4,4,0,0,1,0,0,0,1,1,3,1,0,0,1,1,0,1,0,3,1,3,1,0,0,0,0,0,4,1,6,6,8,Normal,Normal,Normal,0,Low
23,2,0,4,4,0,0,1,0,1,0,1,3,6,1,1,0,0,0,0,0,0,1,1,0,0,0,0,2,2,2,6,2,12,2,12,Normal,Normal,Mild,1,Low
22,2,0,4,4,0,0,1,1,1,0,1,1,5,1,0,0,1,0,0,1,0,2,1,0,1,2,1,1,1,2,8,3,10,4,16,Normal,Normal,Moderate,2,Moderate
21,2,0,4,4,0,0,1,1,1,1,1,1,6,1,0,0,0,0,0,0,0,0,1,1,0,1,1,1,1,1,6,2,12,0,12,Normal,Normal,Mild,1,Low
21,2,0,4,4,0,0,1,1,1,0,0,3,6,1,1,1,3,0,1,3,1,10,5,0,1,0,1,3,1,0,6,2,12,20,12,Normal,Extremely Severe,Mild,4,High
20,2,0,4,4,0,0,1,1,1,0,1,1,5,1,2,0,0,0,1,1,1,5,2,1,0,1,1,0,0,1,4,1,10,10,8,Normal,Moderate,Normal,2,Moderate
19,2,0,4,4,0,0,1,1,0,0,1,2,5,1,1,1,1,0,0,1,0,4,2,1,0,0,1,0,1,1,4,1,10,8,8,Normal,Mild,Normal,1,Low
19,2,0,4,4,0,0,1,1,1,1,1,1,6,1,1,0,1,1,1,0,1,5,2,0,1,0,1,1,2,1,6,2,12,10,12,Normal,Moderate,Mild,2,Moderate
16,2,0,3,4,0,0,1,0,2,1,3,2,9,2,0,0,1,0,0,0,0,1,1,0,0,2,2,2,0,0,6,2,18,2,12,Mild,Normal,Mild,1,Low
16,2,0,3,4,0,0,1,3,3,2,2,3,14,4,0,0,0,0,0,1,0,1,1,2,1,3,3,3,3,3,18,5,28,2,36,Severe,Normal,Extremely Severe,4,High
36,2,1,2,4,0,0,1,2,1,0,1,2,7,1,0,0,1,3,0,0,1,5,2,0,0,0,2,2,2,0,6,2,14,10,12,Normal,Moderate,Mild,2,Moderate
32,1,1,5,3,0,0,1,1,1,2,2,2,9,2,1,1,1,2,2,2,1,10,5,1,2,1,2,1,2,2,11,4,18,20,22,Mild,Extremely Severe,Severe,4,High
25,1,1,5,3,0,0,1,0,0,1,1,0,3,1,1,0,0,1,0,1,1,4,2,0,1,0,1,0,0,1,3,1,6,8,6,Normal,Mild,Normal,1,Low
50,2,1,4,3,0,0,1,2,0,1,3,3,10,3,1,2,2,0,0,2,1,8,4,0,0,1,2,0,0,0,3,1,20,16,6,Moderate,Severe,Normal,3,High
47,1,1,4,3,0,0,1,0,0,1,3,3,8,2,3,0,0,1,1,1,0,6,3,0,0,0,0,1,0,0,1,1,16,12,2,Mild,Moderate,Normal,2,Moderate
32,1,1,4,3,0,0,1,0,1,1,3,0,6,1,0,0,0,0,0,0,2,2,1,0,2,1,1,2,1,1,8,3,12,4,16,Normal,Normal,Moderate,2,Moderate
30,2,1,3,3,0,0,1,1,1,1,3,1,8,2,0,1,2,2,1,0,3,9,4,1,0,1,1,2,2,1,8,3,16,18,16,Mild,Severe,Moderate,3,High
48,1,1,2,3,0,0,1,0,0,1,3,3,8,2,3,0,0,1,1,1,0,6,3,0,0,0,1,0,0,1,2,1,16,12,4,Mild,Moderate,Normal,2,Moderate
33,1,1,2,3,0,0,1,0,1,2,0,2,6,1,1,0,1,2,1,1,0,6,3,0,0,1,1,1,0,2,5,2,12,12,10,Normal,Moderate,Mild,2,Moderate
56,1,1,1,3,0,0,1,0,1,1,3,1,7,1,2,0,1,2,1,3,1,10,5,0,1,1,1,1,1,1,6,2,14,20,12,Normal,Extremely Severe,Mild,4,High
52,1,1,1,3,0,0,1,0,1,0,1,1,4,1,1,0,0,0,0,0,0,1,1,0,1,1,2,1,0,0,5,2,8,2,10,Normal,Normal,Mild,1,Low
35,1,1,5,2,0,0,1,1,0,0,1,2,5,1,0,0,0,0,0,1,0,1,1,0,0,0,1,0,0,0,1,1,10,2,2,Normal,Normal,Normal,0,Low
35,1,1,5,2,0,0,1,0,2,2,1,2,8,2,0,0,3,3,3,0,0,9,4,1,1,0,0,1,1,0,4,1,16,18,8,Mild,Severe,Normal,3,High
30,1,1,5,2,0,0,1,0,1,0,1,0,3,1,1,0,1,0,1,0,0,3,1,0,0,0,1,0,0,0,1,1,6,6,2,Normal,Normal,Normal,0,Low
22,2,0,5,2,0,0,1,2,1,2,3,2,11,3,1,2,2,1,1,1,2,10,5,1,1,2,1,2,1,2,10,3,22,20,20,Moderate,Extremely Severe,Moderate,4,High
45,1,1,4,2,0,0,1,0,1,0,2,3,7,1,1,0,0,2,2,0,0,5,2,0,0,1,0,1,0,0,2,1,14,10,4,Normal,Moderate,Normal,2,Moderate
38,1,1,4,2,0,0,1,1,2,1,3,3,11,3,2,1,2,0,1,2,1,9,4,2,1,0,0,2,1,2,8,3,22,18,16,Moderate,Severe,Moderate,3,High
38,1,1,4,2,0,0,1,2,3,0,1,2,9,2,0,0,3,3,3,0,0,9,4,3,1,2,1,2,1,2,12,4,18,18,24,Mild,Severe,Severe,3,High
34,1,1,4,2,0,0,1,1,2,1,3,2,10,3,2,1,1,0,2,3,1,10,5,2,1,2,3,1,3,2,14,5,20,20,28,Moderate,Extremely Severe,Extremely Severe,4,High
33,1,1,4,2,0,0,1,0,1,0,0,0,2,1,0,0,1,1,0,1,1,4,2,0,1,0,1,1,1,1,5,2,4,8,10,Normal,Mild,Mild,1,Low
30,1,1,4,2,0,0,1,1,0,1,1,1,5,1,0,0,1,1,0,1,1,4,2,1,2,2,1,1,2,2,11,4,10,8,22,Normal,Mild,Severe,3,High
23,2,0,4,2,0,0,1,2,0,1,0,1,5,1,0,0,0,0,1,1,0,2,1,0,0,1,1,1,1,1,5,2,10,4,10,Normal,Normal,Mild,1,Low
26,1,0,4,2,0,0,1,2,1,1,1,2,8,2,2,0,0,1,1,1,0,5,2,0,0,3,3,2,1,2,11,4,16,10,22,Mild,Moderate,Severe,3,High
20,1,0,4,2,0,0,1,1,1,1,1,0,5,1,0,1,0,0,1,1,1,4,2,0,0,1,1,0,1,1,4,1,10,8,8,Normal,Mild,Normal,1,Low
37,1,1,3,2,0,0,1,0,1,0,2,1,5,1,1,0,1,2,0,0,1,5,2,1,2,2,2,1,1,1,10,3,10,10,20,Normal,Moderate,Moderate,2,Moderate
28,1,1,3,2,0,0,1,1,1,1,1,1,6,1,1,3,0,0,1,1,0,6,3,0,0,1,0,1,0,1,3,1,12,12,6,Normal,Moderate,Normal,2,Moderate
24,1,1,3,2,0,0,1,2,1,2,1,2,9,2,1,2,1,2,1,2,1,10,5,2,1,3,2,1,2,0,11,4,18,20,22,Mild,Extremely Severe,Severe,4,High
23,1,1,3,2,0,0,1,0,1,0,1,1,4,1,0,1,0,0,2,1,2,6,3,1,2,3,3,2,3,3,17,5,8,12,34,Normal,Moderate,Extremely Severe,4,High
27,1,0,3,2,0,0,1,0,0,0,1,2,4,1,1,1,0,1,0,0,0,3,1,0,0,0,0,0,0,0,0,1,8,6,0,Normal,Normal,Normal,0,Low
29,2,1,2,2,0,0,1,0,1,0,1,1,4,1,2,1,0,0,1,0,0,4,2,1,0,0,0,0,0,0,1,1,8,8,2,Normal,Mild,Normal,1,Low
48,1,1,2,2,0,0,1,2,3,2,1,0,9,2,2,0,0,0,2,2,2,8,4,2,1,2,2,1,1,1,10,3,18,16,20,Mild,Severe,Moderate,3,High
26,1,1,2,2,0,0,1,0,1,1,3,3,9,2,1,1,0,0,0,1,0,3,1,3,0,0,2,1,2,2,10,3,18,6,20,Mild,Normal,Moderate,2,Moderate
30,2,1,5,1,0,0,1,1,1,0,1,1,5,1,1,1,0,1,1,0,0,4,2,0,1,1,0,1,1,1,5,2,10,8,10,Normal,Mild,Mild,1,Low
32,2,1,4,1,0,0,1,0,0,0,0,0,1,1,0,0,0,0,0,0,0,0,1,0,0,0,0,0,0,0,0,1,2,0,0,Normal,Normal,Normal,0,Low
32,2,1,4,1,0,0,1,0,0,0,0,0,1,1,0,0,0,0,0,0,0,0,1,0,0,0,0,0,0,0,0,1,2,0,0,Normal,Normal,Normal,0,Low
32,2,1,4,1,0,0,1,2,0,3,1,3,10,3,2,1,1,0,1,2,2,9,4,0,1,2,0,0,1,1,5,2,20,18,10,Moderate,Severe,Mild,3,High
29,2,1,4,1,0,0,1,0,0,0,0,0,1,1,1,0,0,0,0,0,0,1,1,0,0,0,0,0,0,0,0,1,2,2,0,Normal,Normal,Normal,0,Low
29,2,1,4,1,0,0,1,0,0,0,0,1,2,1,1,0,0,0,0,0,0,1,1,0,0,0,0,0,0,0,0,1,4,2,0,Normal,Normal,Normal,0,Low
27,2,1,4,1,0,0,1,0,0,0,0,0,1,1,1,0,0,0,0,0,0,1,1,0,0,0,0,0,0,0,0,1,2,2,0,Normal,Normal,Normal,0,Low
27,2,1,4,1,0,0,1,0,0,0,0,0,1,1,0,0,1,0,0,0,0,1,1,0,0,0,0,0,0,0,0,1,2,2,0,Normal,Normal,Normal,0,Low
25,2,1,4,1,0,0,1,2,1,0,2,3,9,2,0,1,3,0,2,1,0,7,3,0,2,1,2,1,3,1,10,3,18,14,20,Mild,Moderate,Moderate,2,Moderate
23,2,1,4,1,0,0,1,0,0,0,0,0,1,1,0,0,0,0,0,0,0,0,1,0,0,0,0,0,0,0,0,1,2,0,0,Normal,Normal,Normal,0,Low
40,2,1,3,1,0,0,1,0,0,0,1,0,2,1,0,0,0,0,1,1,0,2,1,0,0,0,0,1,0,0,1,1,4,4,2,Normal,Normal,Normal,0,Low
33,2,1,3,1,0,0,1,0,2,0,0,1,4,1,0,0,0,1,2,2,0,5,2,0,1,1,0,0,1,1,4,1,8,10,8,Normal,Moderate,Normal,2,Moderate
33,2,1,3,1,0,0,1,1,1,0,2,2,7,1,0,1,1,1,0,0,0,3,1,1,1,0,0,1,2,2,7,3,14,6,14,Normal,Normal,Moderate,2,Moderate
32,2,1,3,1,0,0,1,2,1,2,2,2,10,3,1,1,2,1,2,1,2,10,5,1,2,3,0,1,1,1,9,3,20,20,18,Moderate,Extremely Severe,Moderate,4,High
30,2,1,3,1,0,0,1,2,3,2,1,0,9,2,1,2,3,2,1,0,1,10,5,2,3,2,1,0,1,2,11,4,18,20,22,Mild,Extremely Severe,Severe,4,High
26,2,1,3,1,0,0,1,3,1,2,1,0,8,2,1,0,0,1,3,2,1,8,4,2,1,3,3,0,1,3,13,4,16,16,26,Mild,Severe,Severe,3,High
23,2,1,3,1,0,0,1,2,3,2,1,0,9,2,2,0,0,0,2,2,2,8,4,2,1,2,2,1,1,1,10,3,18,16,20,Mild,Severe,Moderate,3,High
20,2,1,3,1,0,0,1,0,0,1,3,3,8,2,3,0,0,1,1,1,0,6,3,0,0,0,0,1,0,0,1,1,16,12,2,Mild,Moderate,Normal,2,Moderate
20,2,1,3,1,0,0,1,2,0,1,3,3,10,3,1,2,2,0,0,2,1,8,4,0,0,1,2,2,0,0,5,2,20,16,10,Moderate,Severe,Mild,3,High
56,2,1,2,1,0,0,1,3,1,2,1,0,8,2,1,0,0,1,3,2,1,8,4,2,1,3,3,0,1,3,13,4,16,16,26,Mild,Severe,Severe,3,High
50,2,1,2,1,0,0,1,2,3,2,1,0,9,2,1,2,3,2,1,0,1,10,5,2,3,2,1,0,1,2,11,4,18,20,22,Mild,Extremely Severe,Severe,4,High
35,2,1,2,1,0,0,1,0,0,1,3,3,8,2,3,0,0,1,1,1,0,6,3,0,0,0,1,0,0,1,2,1,16,12,4,Mild,Moderate,Normal,2,Moderate
26,2,1,2,1,0,0,1,1,2,1,1,2,8,2,0,0,0,2,0,1,0,3,1,2,2,2,1,1,0,0,8,3,16,6,16,Mild,Normal,Moderate,2,Moderate
26,2,1,2,1,0,0,1,2,3,1,1,2,10,3,1,1,1,0,0,1,0,4,2,0,2,1,1,2,1,1,8,3,20,8,16,Moderate,Mild,Moderate,2,Moderate
25,2,1,2,1,0,0,1,0,0,1,2,3,7,1,0,0,2,2,2,0,2,8,4,2,2,3,0,0,1,2,10,3,14,16,20,Normal,Severe,Moderate,3,High
24,2,1,2,1,0,0,1,2,3,0,1,2,9,2,3,0,1,2,3,0,1,10,5,2,3,0,1,2,3,0,11,4,18,20,22,Mild,Extremely Severe,Severe,4,High
72,2,1,1,1,0,0,1,0,1,2,2,1,7,1,0,2,0,2,0,0,0,4,2,3,2,2,1,2,1,3,14,5,14,8,28,Normal,Mild,Extremely Severe,4,High
65,2,1,1,1,0,0,1,1,0,1,2,1,6,1,0,0,1,0,0,1,2,4,2,1,1,1,0,1,1,0,5,2,12,8,10,Normal,Mild,Mild,1,Low
60,2,1,1,1,0,0,1,3,1,2,1,0,8,2,1,0,0,1,3,2,1,8,4,2,1,3,3,0,1,3,13,4,16,16,26,Mild,Severe,Severe,3,High
56,2,1,1,1,0,0,1,1,1,0,1,2,6,1,0,0,1,0,0,1,1,3,1,0,0,0,0,1,0,0,1,1,12,6,2,Normal,Normal,Normal,0,Low
54,2,1,1,1,0,0,1,1,2,3,2,2,11,3,1,0,1,2,2,2,1,9,4,1,0,1,2,0,0,1,5,2,22,18,10,Moderate,Severe,Mild,3,High
48,2,1,1,1,0,0,1,2,3,2,1,0,9,2,1,2,3,2,1,0,1,10,5,2,3,2,1,0,1,2,11,4,18,20,22,Mild,Extremely Severe,Severe,4,High
18,2,1,3,4,1,3,0,2,2,1,1,3,12,3,1,0,0,1,3,1,0,6,3,0,0,0,1,1,0,0,2,1,24,12,4,Moderate,Moderate,Normal,2,Moderate
28,1,1,3,3,1,3,0,1,1,0,3,0,8,2,1,3,0,0,0,1,0,5,2,0,0,0,0,1,0,0,1,1,16,10,2,Mild,Moderate,Normal,2,Moderate
35,1,1,5,2,1,3,0,1,1,1,1,1,8,2,3,3,1,0,0,1,1,9,4,0,3,0,1,0,0,1,5,2,16,18,10,Mild,Severe,Mild,3,High
25,1,1,3,2,1,3,0,1,1,0,3,3,11,3,1,0,1,2,2,2,2,10,5,0,0,0,0,1,2,2,5,2,22,20,10,Moderate,Extremely Severe,Mild,4,High
21,2,0,4,4,0,3,0,1,1,0,3,0,8,2,1,3,0,0,0,1,0,5,2,0,0,0,0,1,0,0,1,1,16,10,2,Mild,Moderate,Normal,2,Moderate
18,2,0,4,4,0,3,0,3,3,3,3,3,18,5,0,0,0,1,1,1,1,4,2,3,2,3,3,3,2,3,19,5,36,8,38,Extremely Severe,Mild,Extremely Severe,4,High
55,1,1,1,3,0,3,0,1,1,0,3,3,11,3,1,0,1,2,2,2,2,10,5,0,0,0,0,1,2,2,5,2,22,20,10,Moderate,Extremely Severe,Mild,4,High
31,2,1,2,2,0,3,0,1,1,1,1,1,8,2,3,3,1,0,0,1,1,9,4,0,3,0,1,0,0,1,5,2,16,18,10,Mild,Severe,Mild,3,High
72,1,1,1,6,1,2,0,1,1,3,0,2,9,2,2,0,2,0,0,0,0,4,2,0,2,1,0,3,0,0,6,2,18,8,12,Mild,Mild,Mild,1,Low
32,1,1,1,5,1,2,0,1,0,2,1,3,9,2,1,0,1,2,1,1,0,6,3,1,1,1,1,1,0,0,5,2,18,12,10,Mild,Moderate,Mild,2,Moderate
22,2,0,5,4,1,2,0,1,1,1,1,1,7,1,0,0,0,0,2,2,0,4,2,1,3,1,0,1,1,1,8,3,14,8,16,Normal,Mild,Moderate,2,Moderate
21,2,0,5,4,1,2,0,1,1,0,1,1,6,1,0,0,0,0,0,1,0,1,1,0,0,1,1,0,1,1,4,1,12,2,8,Normal,Normal,Normal,0,Low
20,2,0,4,4,1,2,0,1,3,3,1,3,13,4,2,1,0,3,1,1,1,9,4,2,2,3,3,2,2,3,17,5,26,18,34,Severe,Severe,Extremely Severe,4,High
18,2,0,4,4,1,2,0,3,0,2,3,2,12,3,0,0,0,0,0,3,1,4,2,0,0,0,1,0,2,3,6,2,24,8,12,Moderate,Mild,Mild,2,Moderate
18,2,0,4,4,1,2,0,1,1,0,1,1,6,1,1,0,0,1,1,1,1,5,2,1,2,2,1,2,1,1,10,3,12,10,20,Normal,Moderate,Moderate,2,Moderate
50,1,1,3,3,1,2,0,1,1,0,1,3,8,2,0,1,1,2,0,0,2,6,3,0,1,2,1,2,1,1,8,3,16,12,16,Mild,Moderate,Moderate,2,Moderate
55,1,1,1,3,1,2,0,0,1,1,2,0,6,1,1,0,1,2,3,2,1,10,5,2,3,2,3,1,2,0,13,4,12,20,26,Normal,Extremely Severe,Severe,4,High
50,1,1,1,3,1,2,0,2,1,3,1,3,12,3,0,1,0,0,0,0,0,1,1,1,2,3,3,1,0,0,10,3,24,2,20,Moderate,Normal,Moderate,2,Moderate
35,1,1,5,2,1,2,0,1,0,1,1,0,5,1,1,0,2,3,1,2,1,10,5,0,1,0,1,1,1,0,4,1,10,20,8,Normal,Extremely Severe,Normal,4,High
26,1,0,5,2,1,2,0,1,0,0,1,2,6,1,0,1,0,0,0,1,0,2,1,2,1,0,1,2,1,1,8,3,12,4,16,Normal,Normal,Moderate,2,Moderate
36,2,1,4,2,1,2,0,1,2,1,3,1,10,3,1,1,1,1,0,0,0,4,2,1,3,2,2,1,2,3,14,5,20,8,28,Moderate,Mild,Extremely Severe,4,High
25,2,1,4,2,1,2,0,2,2,2,1,1,10,3,2,0,0,0,2,2,2,8,4,1,1,1,2,1,2,1,9,3,20,16,18,Moderate,Severe,Moderate,3,High
40,1,1,4,2,1,2,0,1,1,1,2,2,9,2,0,0,1,1,0,1,0,3,1,0,0,0,1,0,0,0,1,1,18,6,2,Mild,Normal,Normal,1,Low
30,1,1,4,2,1,2,0,2,1,0,1,1,7,1,0,0,0,1,0,0,0,1,1,0,1,2,2,2,0,2,9,3,14,2,18,Normal,Normal,Moderate,2,Moderate
20,1,0,4,2,1,2,0,0,3,1,3,2,11,3,1,0,3,1,1,2,2,10,5,0,2,2,0,0,0,0,4,1,22,20,8,Moderate,Extremely Severe,Normal,4,High
47,1,1,3,2,1,2,0,3,3,0,2,3,13,4,0,2,1,0,0,1,1,5,2,2,1,1,0,2,0,0,6,2,26,10,12,Severe,Moderate,Mild,3,High
46,1,1,3,2,1,2,0,2,1,1,3,3,12,3,2,2,0,0,0,0,0,4,2,1,1,2,2,1,2,1,10,3,24,8,20,Moderate,Mild,Moderate,2,Moderate
27,1,0,3,2,1,2,0,1,1,2,1,1,8,2,0,1,1,1,0,0,1,4,2,2,0,0,1,1,1,0,5,2,16,8,10,Mild,Mild,Mild,1,Low
32,1,1,1,2,1,2,0,1,1,1,0,1,6,1,1,0,0,0,1,1,1,4,2,0,1,0,1,1,0,0,3,1,12,8,6,Normal,Mild,Normal,1,Low
30,2,1,4,1,1,2,0,2,1,1,3,3,12,3,2,0,0,1,0,0,0,3,1,1,1,1,3,2,0,0,8,3,24,6,16,Moderate,Normal,Moderate,2,Moderate
25,2,1,4,1,1,2,0,0,0,0,2,2,6,1,0,0,2,0,0,0,0,2,1,0,0,0,0,0,0,0,0,1,12,4,0,Normal,Normal,Normal,0,Low
45,2,1,1,1,1,2,0,1,3,0,1,1,8,2,0,3,1,0,1,0,1,6,3,3,3,3,1,1,2,1,14,5,16,12,28,Mild,Moderate,Extremely Severe,4,High
45,2,1,1,1,1,2,0,1,3,0,1,1,8,2,0,3,1,0,1,0,1,6,3,3,3,3,1,1,2,1,14,5,16,12,28,Mild,Moderate,Extremely Severe,4,High
72,1,1,1,6,0,2,0,1,1,3,0,2,9,2,2,0,2,0,0,0,0,4,2,0,2,1,0,3,0,0,6,2,18,8,12,Mild,Mild,Mild,1,Low
68,1,1,1,6,0,2,0,1,0,2,1,3,9,2,1,0,1,2,1,1,0,6,3,1,1,1,1,1,0,0,5,2,18,12,10,Mild,Moderate,Mild,2,Moderate
37,1,1,5,4,0,2,0,1,1,1,0,1,6,1,1,0,0,0,1,1,1,4,2,0,1,0,1,1,0,0,3,1,12,8,6,Normal,Mild,Normal,1,Low
21,2,0,5,4,0,2,0,2,2,1,2,1,10,3,1,0,0,2,1,0,0,4,2,0,3,2,2,2,1,0,10,3,20,8,20,Moderate,Mild,Moderate,2,Moderate
20,2,0,5,4,0,2,0,1,1,2,1,1,8,2,1,0,0,1,1,1,0,4,2,0,1,1,1,1,1,1,6,2,16,8,12,Mild,Mild,Mild,1,Low
20,2,0,5,4,0,2,0,2,1,1,0,0,6,1,0,0,0,1,1,1,1,4,2,1,2,2,1,2,1,3,12,4,12,8,24,Normal,Mild,Severe,3,High
19,2,0,5,4,0,2,0,3,1,1,2,1,10,3,1,0,0,1,1,1,0,4,2,1,0,0,1,2,0,0,4,1,20,8,8,Moderate,Mild,Normal,2,Moderate
19,2,0,5,4,0,2,0,3,1,1,1,1,9,2,1,0,0,1,0,0,1,3,1,0,1,3,1,0,1,1,7,3,18,6,14,Mild,Normal,Moderate,2,Moderate
20,2,0,4,4,0,2,0,1,1,0,1,3,8,2,0,1,1,2,0,0,2,6,3,0,1,2,1,2,1,1,8,3,16,12,16,Mild,Moderate,Moderate,2,Moderate
20,2,0,4,4,0,2,0,0,1,1,2,0,6,1,1,0,1,2,3,2,1,10,5,2,3,2,3,1,2,0,13,4,12,20,26,Normal,Extremely Severe,Severe,4,High
18,2,0,4,4,0,2,0,1,1,1,1,1,7,1,0,0,0,0,0,0,2,2,1,1,3,1,0,1,1,1,8,3,14,4,16,Normal,Normal,Moderate,2,Moderate
30,1,1,2,4,0,2,0,1,1,0,1,1,6,1,1,0,0,1,1,1,1,5,2,1,2,2,1,2,1,1,10,3,12,10,20,Normal,Moderate,Moderate,2,Moderate
23,1,0,5,3,0,2,0,2,1,0,1,1,7,1,0,0,0,1,0,0,0,1,1,0,1,2,2,2,0,2,9,3,14,2,18,Normal,Normal,Moderate,2,Moderate
23,2,1,4,3,0,2,0,0,3,1,3,2,11,3,1,0,3,1,1,2,2,10,5,2,2,2,0,0,0,0,6,2,22,20,12,Moderate,Extremely Severe,Mild,4,High
37,1,1,2,3,0,2,0,1,1,2,1,1,8,2,0,1,1,1,0,0,1,4,2,2,0,0,1,1,1,0,5,2,16,8,10,Mild,Mild,Mild,1,Low
35,2,1,5,2,0,2,0,0,0,0,2,2,6,1,0,0,2,0,0,0,0,2,1,0,0,0,0,0,0,0,0,1,12,4,0,Normal,Normal,Normal,0,Low
47,1,1,5,2,0,2,0,3,2,1,2,1,11,3,2,0,2,2,1,1,0,8,4,1,1,0,1,2,0,0,5,2,22,16,10,Moderate,Severe,Mild,3,High
49,1,1,3,2,0,2,0,1,3,0,1,1,8,2,0,3,1,0,1,0,1,6,3,3,3,3,1,1,2,1,14,5,16,12,28,Mild,Moderate,Extremely Severe,4,High
28,1,1,3,2,0,2,0,1,0,1,1,0,5,1,1,0,2,3,1,2,1,10,5,0,1,0,1,1,1,0,4,1,10,20,8,Normal,Extremely Severe,Normal,4,High
21,1,0,3,2,0,2,0,1,3,0,1,1,8,2,0,3,1,0,1,0,1,6,3,3,3,3,1,1,2,1,14,5,16,12,28,Mild,Moderate,Extremely Severe,4,High
27,2,1,2,2,0,2,0,1,0,0,1,2,6,1,0,1,0,0,0,1,0,2,1,2,1,0,1,2,1,1,8,3,12,4,16,Normal,Normal,Moderate,2,Moderate
27,1,1,2,2,0,2,0,1,2,1,3,1,10,3,0,0,0,1,1,1,0,3,1,1,3,2,2,1,2,3,14,5,20,6,28,Moderate,Normal,Extremely Severe,4,High
72,1,1,1,2,0,2,0,1,1,1,2,2,9,2,0,0,1,1,0,1,0,3,1,0,0,0,1,0,0,0,1,1,18,6,2,Mild,Normal,Normal,1,Low
55,1,1,1,2,0,2,0,2,2,2,1,1,10,3,2,2,2,2,0,0,2,10,5,1,1,1,2,1,2,1,9,3,20,20,18,Moderate,Extremely Severe,Moderate,4,High
25,2,1,4,1,0,2,0,1,1,2,1,1,8,2,1,0,0,1,1,1,1,5,2,1,0,0,0,0,0,0,1,1,16,10,2,Mild,Moderate,Normal,2,Moderate
25,2,1,4,1,0,2,0,1,1,2,1,1,8,2,1,0,0,1,1,1,0,4,2,0,1,1,1,1,1,1,6,2,16,8,12,Mild,Mild,Mild,1,Low
24,2,1,4,1,0,2,0,1,0,1,0,1,5,1,1,0,0,1,1,1,0,4,2,0,1,1,1,1,1,1,6,2,10,8,12,Normal,Mild,Mild,1,Low
29,2,1,3,1,0,2,0,1,2,1,3,2,11,3,0,0,2,0,0,0,0,2,1,1,3,1,2,1,2,2,12,4,22,4,24,Moderate,Normal,Severe,3,High
25,2,1,3,1,0,2,0,3,2,1,2,1,11,3,2,0,2,2,1,1,0,8,4,1,1,0,1,2,0,0,5,2,22,16,10,Moderate,Severe,Mild,3,High
23,2,1,3,1,0,2,0,1,3,3,3,1,13,4,2,0,0,0,0,0,0,2,1,3,2,3,3,3,3,3,20,5,26,4,40,Severe,Normal,Extremely Severe,4,High
59,2,1,2,1,0,2,0,1,2,1,3,2,11,3,0,2,0,2,2,2,0,8,4,1,3,1,2,1,2,2,12,4,22,16,24,Moderate,Severe,Severe,3,High
56,2,1,1,1,0,2,0,2,1,1,3,3,12,3,2,0,0,1,0,0,0,3,1,1,1,1,0,2,0,0,5,2,24,6,10,Moderate,Normal,Mild,2,Moderate
45,1,1,2,5,1,1,0,3,3,3,3,3,16,4,0,0,0,0,2,2,0,4,2,0,0,0,3,0,0,2,5,2,32,8,10,Severe,Mild,Mild,3,High
22,2,0,5,4,1,1,0,1,1,0,1,1,5,1,2,0,1,1,1,1,1,7,3,1,0,1,1,1,1,2,7,3,10,14,14,Normal,Moderate,Moderate,2,Moderate
21,2,0,5,4,1,1,0,1,1,1,1,0,5,1,0,0,1,1,1,0,1,4,2,0,0,0,1,0,1,1,3,1,10,8,6,Normal,Mild,Normal,1,Low
21,2,0,5,4,1,1,0,1,1,1,1,1,6,1,1,0,0,0,0,1,1,3,1,1,1,1,1,1,1,0,6,2,12,6,12,Normal,Normal,Mild,1,Low
20,2,0,5,4,1,1,0,0,0,1,0,0,2,1,0,0,0,0,0,0,1,1,1,2,1,1,0,0,0,1,5,2,4,2,10,Normal,Normal,Mild,1,Low
20,2,0,5,4,1,1,0,0,1,1,0,1,4,1,0,1,1,1,2,1,0,6,3,0,1,1,1,1,1,1,6,2,8,12,12,Normal,Moderate,Mild,2,Moderate
21,1,0,5,4,1,1,0,0,0,0,0,1,2,1,0,0,0,0,0,0,0,0,1,0,0,0,1,0,0,0,1,1,4,0,2,Normal,Normal,Normal,0,Low
20,1,0,5,4,1,1,0,0,1,1,0,1,4,1,2,1,0,2,0,3,1,9,4,0,0,0,1,0,1,2,4,1,8,18,8,Normal,Severe,Normal,3,High
20,1,0,5,4,1,1,0,0,0,0,1,1,3,1,0,0,0,1,0,1,0,2,1,0,2,1,1,1,1,0,6,2,6,4,12,Normal,Normal,Mild,1,Low
20,2,1,4,4,1,1,0,3,2,1,1,2,10,3,3,0,1,2,1,0,3,10,5,2,0,1,3,3,2,1,12,4,20,20,24,Moderate,Extremely Severe,Severe,4,High
21,2,0,4,4,1,1,0,2,3,0,0,1,7,1,0,0,1,1,2,1,0,5,2,0,0,0,1,0,0,0,1,1,14,10,2,Normal,Moderate,Normal,2,Moderate
21,2,0,4,4,1,1,0,2,2,1,1,1,8,2,1,0,1,1,0,1,0,4,2,0,0,0,2,2,2,0,6,2,16,8,12,Mild,Mild,Mild,1,Low
39,1,1,4,3,1,1,0,1,1,0,1,2,6,1,1,0,0,0,0,1,0,2,1,0,1,1,1,1,1,1,6,2,12,4,12,Normal,Normal,Mild,1,Low
35,2,1,3,3,1,1,0,1,0,0,1,0,3,1,0,0,0,2,2,0,0,4,2,0,1,0,1,1,2,0,5,2,6,8,10,Normal,Mild,Mild,1,Low
48,1,1,3,3,1,1,0,1,1,1,1,1,6,1,1,0,0,0,1,0,0,2,1,1,1,1,1,1,1,1,7,3,12,4,14,Normal,Normal,Moderate,2,Moderate
25,1,1,3,3,1,1,0,2,2,1,2,2,10,3,0,0,0,2,2,0,0,4,2,0,1,1,1,1,1,1,6,2,20,8,12,Moderate,Mild,Mild,2,Moderate
51,1,1,1,3,1,1,0,1,1,2,2,1,8,2,2,1,1,1,1,1,0,7,3,2,1,2,2,1,2,1,11,4,16,14,22,Mild,Moderate,Severe,3,High
35,2,1,5,2,1,1,0,2,1,0,2,0,6,1,1,1,2,1,0,1,0,6,3,0,1,0,1,1,0,1,4,1,12,12,8,Normal,Moderate,Normal,2,Moderate
41,1,1,5,2,1,1,0,1,1,1,1,1,6,1,0,0,1,1,1,0,1,4,2,0,1,0,1,1,1,1,5,2,12,8,10,Normal,Mild,Mild,1,Low
37,1,1,5,2,1,1,0,1,0,1,0,3,6,1,0,0,1,0,1,1,0,3,1,1,3,2,0,0,0,2,8,3,12,6,16,Normal,Normal,Moderate,2,Moderate
35,2,1,4,2,1,1,0,1,1,0,1,3,7,1,0,0,1,1,2,3,2,9,4,0,2,0,2,1,2,1,8,3,14,18,16,Normal,Severe,Moderate,3,High
35,2,1,4,2,1,1,0,1,2,1,3,3,11,3,0,0,0,0,0,1,0,1,1,2,2,3,3,2,3,3,18,5,22,2,36,Moderate,Normal,Extremely Severe,4,High
32,2,1,4,2,1,1,0,0,2,1,1,1,6,1,0,0,0,1,2,1,2,6,3,1,2,1,2,1,1,2,10,3,12,12,20,Normal,Moderate,Moderate,2,Moderate
30,2,1,4,2,1,1,0,1,1,1,0,0,4,1,0,0,1,0,0,0,1,2,1,1,1,2,1,0,1,1,7,3,8,4,14,Normal,Normal,Moderate,2,Moderate
24,2,1,4,2,1,1,0,1,1,1,1,2,7,1,1,0,0,1,1,0,1,4,2,2,1,2,1,2,0,0,8,3,14,8,16,Normal,Mild,Moderate,2,Moderate
24,2,1,4,2,1,1,0,1,1,0,2,1,6,1,1,0,2,1,0,1,1,6,3,1,0,2,1,1,2,1,8,3,12,12,16,Normal,Moderate,Moderate,2,Moderate
22,2,1,4,2,1,1,0,1,1,1,1,0,5,1,0,0,1,1,1,1,0,4,2,0,1,0,2,1,1,1,6,2,10,8,12,Normal,Mild,Mild,1,Low
21,2,1,4,2,1,1,0,0,3,1,3,3,11,3,0,0,1,1,1,1,1,5,2,0,0,0,3,3,0,0,6,2,22,10,12,Moderate,Moderate,Mild,2,Moderate
48,1,1,4,2,1,1,0,3,1,0,3,1,9,2,1,0,0,0,3,1,0,5,2,0,0,0,1,1,0,0,2,1,18,10,4,Mild,Moderate,Normal,2,Moderate
40,1,1,4,2,1,1,0,0,0,1,1,1,4,1,2,2,3,0,1,2,0,10,5,0,0,0,1,0,0,0,1,1,8,20,2,Normal,Extremely Severe,Normal,4,High
37,1,1,4,2,1,1,0,1,1,1,2,0,6,1,1,0,1,1,0,0,0,3,1,0,1,0,1,1,1,0,4,1,12,6,8,Normal,Normal,Normal,0,Low
36,1,1,4,2,1,1,0,2,1,1,1,1,7,1,0,1,3,0,1,1,1,7,3,0,0,0,1,1,0,0,2,1,14,14,4,Normal,Moderate,Normal,2,Moderate
35,1,1,4,2,1,1,0,0,1,0,1,1,4,1,0,0,0,1,0,1,1,3,1,0,1,0,1,2,0,0,4,1,8,6,8,Normal,Normal,Normal,0,Low
22,2,0,4,2,1,1,0,1,1,1,1,0,5,1,0,0,1,1,1,1,0,4,2,0,1,0,2,1,1,1,6,2,10,8,12,Normal,Mild,Mild,1,Low
21,2,0,4,2,1,1,0,3,1,0,3,3,11,3,0,0,1,0,3,1,1,6,3,0,0,0,1,1,0,0,2,1,22,12,4,Moderate,Moderate,Normal,2,Moderate
32,2,1,3,2,1,1,0,1,1,0,2,3,8,2,1,1,0,1,0,0,0,3,1,0,1,1,2,0,3,1,8,3,16,6,16,Mild,Normal,Moderate,2,Moderate
22,2,1,3,2,1,1,0,1,1,1,2,1,7,1,0,0,0,2,0,0,0,2,1,1,1,1,1,1,1,1,7,3,14,4,14,Normal,Normal,Moderate,2,Moderate
36,1,1,3,2,1,1,0,1,1,0,2,2,7,1,0,0,0,0,2,0,0,2,1,1,2,1,2,1,2,1,10,3,14,4,20,Normal,Normal,Moderate,2,Moderate
32,1,1,3,2,1,1,0,1,1,0,3,3,9,2,1,0,1,0,0,1,0,3,1,3,3,1,1,1,1,0,10,3,18,6,20,Mild,Normal,Moderate,2,Moderate
28,1,1,3,2,1,1,0,1,1,1,0,0,4,1,0,0,0,0,0,0,0,0,1,0,1,1,1,3,0,0,6,2,8,0,12,Normal,Normal,Mild,1,Low
25,1,1,3,2,1,1,0,1,2,1,1,1,7,1,2,2,1,1,1,2,1,10,5,1,1,0,0,1,1,1,5,2,14,20,10,Normal,Extremely Severe,Mild,4,High
23,2,1,2,2,1,1,0,3,1,0,3,1,9,2,1,0,0,0,3,1,0,5,2,0,0,0,1,1,0,0,2,1,18,10,4,Mild,Moderate,Normal,2,Moderate
28,1,1,2,2,1,1,0,2,1,0,1,0,5,1,0,1,0,2,0,0,0,3,1,0,0,0,0,1,0,0,1,1,10,6,2,Normal,Normal,Normal,0,Low
27,1,0,2,2,1,1,0,2,1,1,3,1,9,2,2,1,1,0,0,1,0,5,2,1,0,0,1,0,1,0,3,1,18,10,6,Mild,Moderate,Normal,2,Moderate
56,1,1,1,2,1,1,0,2,0,0,2,2,7,1,2,1,2,1,0,1,1,8,4,0,2,0,0,0,0,0,2,1,14,16,4,Normal,Severe,Normal,3,High
48,1,1,1,2,1,1,0,1,1,1,1,1,6,1,0,1,1,1,2,2,1,8,4,2,0,0,1,0,0,1,4,1,12,16,8,Normal,Severe,Normal,3,High
40,1,1,1,2,1,1,0,3,1,3,1,2,11,3,1,1,1,1,1,3,1,9,4,1,0,0,0,0,0,0,1,1,22,18,2,Moderate,Severe,Normal,3,High
35,1,1,1,2,1,1,0,0,1,2,2,0,6,1,1,0,0,1,0,1,0,3,1,0,1,0,1,1,0,0,3,1,12,6,6,Normal,Normal,Normal,0,Low
28,2,1,4,1,1,1,0,0,0,0,2,1,4,1,2,1,0,0,0,0,1,4,2,1,1,1,1,2,0,1,7,3,8,8,14,Normal,Mild,Moderate,2,Moderate
26,2,1,4,1,1,1,0,1,0,0,1,3,6,1,1,0,2,3,1,1,2,10,5,0,0,0,0,0,0,0,0,1,12,20,0,Normal,Extremely Severe,Normal,4,High
25,2,1,4,1,1,1,0,0,0,0,2,1,4,1,2,0,0,2,1,0,0,5,2,0,1,1,1,1,2,0,6,2,8,10,12,Normal,Moderate,Mild,2,Moderate
40,2,1,3,1,1,1,0,0,0,0,2,1,4,1,2,0,0,2,1,0,0,5,2,0,1,1,1,1,2,0,6,2,8,10,12,Normal,Moderate,Mild,2,Moderate
39,2,1,3,1,1,1,0,1,0,0,2,2,6,1,1,1,1,1,0,1,0,5,2,0,2,1,1,0,0,0,4,1,12,10,8,Normal,Moderate,Normal,2,Moderate
36,2,1,3,1,1,1,0,0,0,0,2,1,4,1,2,0,0,2,1,0,0,5,2,0,0,1,1,1,2,1,6,2,8,10,12,Normal,Moderate,Mild,2,Moderate
35,2,1,3,1,1,1,0,1,0,0,2,2,6,1,1,1,1,1,0,1,0,5,2,0,2,1,1,0,0,0,4,1,12,10,8,Normal,Moderate,Normal,2,Moderate
27,2,1,3,1,1,1,0,1,2,1,1,0,6,1,1,1,2,0,0,1,2,7,3,1,2,1,1,3,1,1,10,3,12,14,20,Normal,Moderate,Moderate,2,Moderate
25,2,1,3,1,1,1,0,0,0,1,2,2,6,1,1,0,0,1,0,0,0,2,1,0,2,1,1,2,1,1,8,3,12,4,16,Normal,Normal,Moderate,2,Moderate
45,2,1,2,1,1,1,0,1,1,1,2,1,7,1,0,0,1,1,1,1,0,4,2,0,1,0,1,2,0,0,4,1,14,8,8,Normal,Mild,Normal,1,Low
38,2,1,2,1,1,1,0,1,1,1,2,1,7,1,0,0,1,1,1,1,0,4,2,0,1,0,1,2,0,0,4,1,14,8,8,Normal,Mild,Normal,1,Low
58,2,1,1,1,1,1,0,0,1,1,0,1,4,1,1,0,0,0,0,1,0,2,1,0,0,0,1,1,0,0,2,1,8,4,4,Normal,Normal,Normal,0,Low
50,2,1,1,1,1,1,0,0,1,0,1,1,4,1,2,2,1,1,1,0,0,7,3,0,0,1,1,1,0,1,4,1,8,14,8,Normal,Moderate,Normal,2,Moderate
21,2,0,1,1,1,1,0,0,3,0,1,3,8,2,1,0,0,3,2,1,1,8,4,3,3,1,1,2,1,1,12,4,16,16,24,Mild,Severe,Severe,3,High
26,1,1,1,5,0,1,0,3,3,3,3,3,16,4,0,0,1,0,1,0,0,2,1,0,0,0,3,0,2,2,7,3,32,4,14,Severe,Normal,Moderate,3,High
25,2,1,5,4,0,1,0,3,1,0,3,1,9,2,1,0,0,0,3,1,0,5,2,0,0,0,1,1,0,0,2,1,18,10,4,Mild,Moderate,Normal,2,Moderate
21,2,1,5,4,0,1,0,2,1,0,1,0,5,1,0,1,0,2,0,0,0,3,1,0,0,0,0,1,0,0,1,1,10,6,2,Normal,Normal,Normal,0,Low
20,2,1,5,4,0,1,0,0,1,0,0,1,3,1,0,0,0,0,0,0,0,0,1,0,0,0,1,0,0,0,1,1,6,0,2,Normal,Normal,Normal,0,Low
19,2,1,5,4,0,1,0,0,1,1,1,0,4,1,0,0,0,0,0,0,0,0,1,0,1,1,0,1,0,1,4,1,8,0,8,Normal,Normal,Normal,0,Low
40,1,1,5,4,0,1,0,3,1,3,1,2,11,3,1,1,1,1,1,3,1,9,4,1,0,0,0,0,0,0,1,1,22,18,2,Moderate,Severe,Normal,3,High
40,1,1,5,4,0,1,0,0,1,2,2,0,6,1,1,0,0,1,0,1,0,3,1,0,1,0,1,1,0,0,3,1,12,6,6,Normal,Normal,Normal,0,Low
22,2,0,5,4,0,1,0,2,0,0,2,2,7,1,2,1,2,1,0,1,1,8,4,0,2,0,0,0,0,0,2,1,14,16,4,Normal,Severe,Normal,3,High
22,2,0,5,4,0,1,0,2,1,1,3,1,9,2,2,1,1,0,0,1,0,5,2,1,0,0,1,0,1,0,3,1,18,10,6,Mild,Moderate,Normal,2,Moderate
21,2,0,5,4,0,1,0,0,0,1,1,1,4,1,3,0,0,0,1,0,0,4,2,0,0,0,1,0,0,0,1,1,8,8,2,Normal,Mild,Normal,1,Low
21,2,0,5,4,0,1,0,1,0,1,0,1,4,1,0,1,1,1,0,1,0,4,2,0,0,0,1,0,1,1,3,1,8,8,6,Normal,Mild,Normal,1,Low
21,2,0,5,4,0,1,0,1,1,1,1,1,6,1,1,0,0,0,0,1,0,2,1,0,1,1,1,1,1,0,5,2,12,4,10,Normal,Normal,Mild,1,Low
21,2,0,5,4,0,1,0,1,1,0,0,1,4,1,0,0,1,1,0,1,0,3,1,1,1,1,1,0,1,0,5,2,8,6,10,Normal,Normal,Mild,1,Low
21,2,0,5,4,0,1,0,1,2,0,1,2,7,1,0,1,1,0,1,0,1,4,2,2,0,2,1,0,0,0,5,2,14,8,10,Normal,Mild,Mild,1,Low
20,2,0,5,4,0,1,0,0,1,0,0,0,2,1,0,0,0,0,0,0,0,0,1,0,0,0,0,0,0,0,0,1,4,0,0,Normal,Normal,Normal,0,Low
20,2,0,5,4,0,1,0,0,1,0,1,0,3,1,0,0,0,0,0,0,0,0,1,0,0,0,0,0,0,0,0,1,6,0,0,Normal,Normal,Normal,0,Low
20,2,0,5,4,0,1,0,0,0,0,0,0,1,1,1,1,0,0,0,0,0,2,1,0,0,0,0,0,0,0,0,1,2,4,0,Normal,Normal,Normal,0,Low
20,2,0,5,4,0,1,0,0,1,0,0,0,2,1,1,0,1,0,0,0,0,2,1,0,0,0,0,0,0,0,0,1,4,4,0,Normal,Normal,Normal,0,Low
20,2,0,5,4,0,1,0,0,0,0,0,1,2,1,0,0,0,0,0,0,0,0,1,0,0,0,1,0,0,0,1,1,4,0,2,Normal,Normal,Normal,0,Low
20,2,0,5,4,0,1,0,0,1,0,0,1,3,1,0,0,0,0,0,0,0,0,1,0,0,0,1,0,0,0,1,1,6,0,2,Normal,Normal,Normal,0,Low
20,2,0,5,4,0,1,0,0,0,1,0,1,3,1,0,0,0,0,0,0,0,0,1,0,0,0,1,0,0,0,1,1,6,0,2,Normal,Normal,Normal,0,Low
20,2,0,5,4,0,1,0,0,1,0,0,0,2,1,0,0,0,0,1,0,0,1,1,0,0,0,1,0,0,0,1,1,4,2,2,Normal,Normal,Normal,0,Low
20,2,0,5,4,0,1,0,0,1,0,0,1,3,1,1,0,0,0,0,0,0,1,1,0,0,0,1,0,0,0,1,1,6,2,2,Normal,Normal,Normal,0,Low
20,2,0,5,4,0,1,0,1,1,1,1,1,6,1,0,1,1,1,2,2,1,8,4,2,0,0,1,0,0,1,4,1,12,16,8,Normal,Severe,Normal,3,High
20,2,0,5,4,0,1,0,1,2,0,2,1,7,1,0,0,1,1,1,0,0,3,1,2,1,1,1,0,0,0,5,2,14,6,10,Normal,Normal,Mild,1,Low
20,2,0,5,4,0,1,0,1,1,0,1,2,6,1,0,0,1,2,2,1,1,7,3,0,1,2,0,1,1,0,5,2,12,14,10,Normal,Moderate,Mild,2,Moderate
20,2,0,5,4,0,1,0,0,1,1,1,0,4,1,0,0,0,1,1,2,1,5,2,1,1,1,2,1,1,1,8,3,8,10,16,Normal,Moderate,Moderate,2,Moderate
20,2,0,5,4,0,1,0,2,1,2,1,1,8,2,1,0,0,1,2,1,1,6,3,1,2,1,1,1,1,1,8,3,16,12,16,Mild,Moderate,Moderate,2,Moderate
20,2,0,5,4,0,1,0,1,1,3,0,2,8,2,0,1,1,0,1,1,1,5,2,0,0,1,1,2,3,3,10,3,16,10,20,Mild,Moderate,Moderate,2,Moderate
19,2,0,5,4,0,1,0,0,1,1,1,0,4,1,0,0,0,1,0,0,0,1,1,0,0,0,0,1,0,0,1,1,8,2,2,Normal,Normal,Normal,0,Low
19,2,0,5,4,0,1,0,2,1,1,1,1,7,1,2,0,1,0,0,2,1,6,3,0,0,0,1,0,0,0,1,1,14,12,2,Normal,Moderate,Normal,2,Moderate
19,2,0,5,4,0,1,0,0,0,1,1,0,3,1,0,0,0,1,0,0,0,1,1,0,1,0,0,0,0,1,2,1,6,2,4,Normal,Normal,Normal,0,Low
19,2,0,5,4,0,1,0,1,0,0,0,1,3,1,0,1,0,1,0,0,0,2,1,0,0,0,0,1,0,1,2,1,6,4,4,Normal,Normal,Normal,0,Low
19,2,0,5,4,0,1,0,1,1,0,1,1,5,1,0,1,0,0,1,0,0,2,1,1,0,1,0,1,0,0,3,1,10,4,6,Normal,Normal,Normal,0,Low
19,2,0,5,4,0,1,0,1,1,0,1,1,5,1,1,0,0,1,1,1,2,6,3,0,1,0,1,1,0,0,3,1,10,12,6,Normal,Moderate,Normal,2,Moderate
19,2,0,5,4,0,1,0,1,0,1,0,0,3,1,1,1,0,1,0,2,0,5,2,1,0,1,1,0,1,0,4,1,6,10,8,Normal,Moderate,Normal,2,Moderate
19,2,0,5,4,0,1,0,1,1,0,1,1,5,1,1,0,0,1,1,1,2,6,3,0,1,1,2,1,1,0,6,2,10,12,12,Normal,Moderate,Mild,2,Moderate
19,2,0,5,4,0,1,0,1,2,0,3,1,8,2,2,3,2,1,1,0,1,10,5,2,2,0,1,0,0,1,6,2,16,20,12,Mild,Extremely Severe,Mild,4,High
19,2,0,5,4,0,1,0,1,1,1,1,0,5,1,0,0,1,1,1,0,0,3,1,1,2,1,1,1,0,1,7,3,10,6,14,Normal,Normal,Moderate,2,Moderate
19,2,0,5,4,0,1,0,1,1,1,1,1,6,1,1,0,0,1,1,0,0,3,1,0,1,0,1,1,1,1,5,2,12,6,10,Normal,Normal,Mild,1,Low
20,1,0,5,4,0,1,0,0,1,0,0,0,2,1,1,0,0,0,0,0,0,1,1,0,0,0,1,0,0,0,1,1,4,2,2,Normal,Normal,Normal,0,Low
20,1,0,5,4,0,1,0,1,0,0,1,1,4,1,0,0,0,1,1,2,1,5,2,0,0,1,0,1,0,0,2,1,8,10,4,Normal,Moderate,Normal,2,Moderate
20,1,0,5,4,0,1,0,1,1,1,0,0,4,1,0,0,1,1,2,2,1,7,3,0,0,1,0,1,0,1,3,1,8,14,6,Normal,Moderate,Normal,2,Moderate
30,1,1,4,4,0,1,0,3,2,1,1,2,10,3,3,0,1,2,1,0,3,10,5,2,0,1,3,3,2,1,12,4,20,20,24,Moderate,Extremely Severe,Severe,4,High
22,2,0,4,4,0,1,0,1,1,0,1,2,6,1,1,0,0,0,0,1,0,2,1,0,1,1,1,1,1,1,6,2,12,4,12,Normal,Normal,Mild,1,Low
21,2,0,4,4,0,1,0,1,0,0,1,0,3,1,0,0,0,2,2,0,0,4,2,0,1,0,1,1,2,0,5,2,6,8,10,Normal,Mild,Mild,1,Low
21,2,0,4,4,0,1,0,2,2,1,2,2,10,3,0,0,2,2,0,2,2,8,4,0,1,1,1,1,1,1,6,2,20,16,12,Moderate,Severe,Mild,3,High
20,2,0,4,4,0,1,0,1,1,1,1,1,6,1,1,0,0,0,1,0,0,2,1,1,1,1,1,1,1,1,7,3,12,4,14,Normal,Normal,Moderate,2,Moderate
20,2,0,4,4,0,1,0,3,1,2,3,1,11,3,1,0,1,2,2,2,1,9,4,2,1,1,1,2,2,1,10,3,22,18,20,Moderate,Severe,Moderate,3,High
20,2,0,4,4,0,1,0,1,1,2,2,1,8,2,2,1,1,1,1,1,0,7,3,2,1,2,2,1,2,1,11,4,16,14,22,Mild,Moderate,Severe,3,High
18,2,0,4,4,0,1,0,1,1,0,1,1,5,1,2,0,1,1,1,1,1,7,3,1,0,1,1,1,1,2,7,3,10,14,14,Normal,Moderate,Moderate,2,Moderate
17,2,0,3,4,0,1,0,2,3,0,0,1,7,1,0,0,1,1,2,1,0,5,2,0,0,0,1,0,0,0,1,1,14,10,2,Normal,Moderate,Normal,2,Moderate
16,2,0,3,4,0,1,0,2,2,1,1,1,8,2,1,0,1,1,0,1,0,4,2,0,0,0,0,2,2,2,6,2,16,8,12,Mild,Mild,Mild,1,Low
35,1,1,4,3,0,1,0,1,1,0,2,3,8,2,1,1,0,1,0,0,0,3,1,0,1,1,2,0,3,1,8,3,16,6,16,Mild,Normal,Moderate,2,Moderate
34,1,1,4,3,0,1,0,1,2,1,1,1,7,1,2,2,1,1,1,2,1,10,5,1,1,1,0,0,1,1,5,2,14,20,10,Normal,Extremely Severe,Mild,4,High
33,1,1,4,3,0,1,0,1,1,1,2,1,7,1,0,0,0,2,0,0,0,2,1,1,1,1,1,1,1,1,7,3,14,4,14,Normal,Normal,Moderate,2,Moderate
32,1,1,4,3,0,1,0,1,1,0,2,2,7,1,2,2,2,0,0,0,0,6,3,1,2,1,2,1,2,1,10,3,14,12,20,Normal,Moderate,Moderate,2,Moderate
28,2,1,3,3,0,1,0,1,1,0,3,3,9,2,1,0,1,0,0,1,0,3,1,3,3,1,1,1,1,0,10,3,18,6,20,Mild,Normal,Moderate,2,Moderate
22,1,0,2,3,0,1,0,1,1,1,0,0,4,1,0,0,0,0,0,0,0,0,1,0,1,1,1,3,0,0,6,2,8,0,12,Normal,Normal,Mild,1,Low
34,2,1,5,2,0,1,0,0,0,0,2,1,4,1,2,0,0,2,1,0,0,5,2,0,1,1,1,1,2,0,6,2,8,10,12,Normal,Moderate,Mild,2,Moderate
38,1,1,5,2,0,1,0,0,0,0,2,1,4,1,2,0,0,2,1,0,0,5,2,0,1,1,1,1,2,0,6,2,8,10,12,Normal,Moderate,Mild,2,Moderate
36,1,1,5,2,0,1,0,1,0,0,2,2,6,1,1,1,1,1,0,1,0,5,2,0,2,1,1,0,0,0,4,1,12,10,8,Normal,Moderate,Normal,2,Moderate
36,1,1,5,2,0,1,0,1,2,1,1,0,6,1,1,1,2,0,0,1,2,7,3,1,2,1,1,3,1,1,10,3,12,14,20,Normal,Moderate,Moderate,2,Moderate
35,1,1,5,2,0,1,0,0,0,0,2,1,4,1,2,0,0,2,1,0,0,5,2,0,0,1,1,1,2,1,6,2,8,10,12,Normal,Moderate,Mild,2,Moderate
20,2,0,5,2,0,1,0,1,0,0,2,2,6,1,1,1,1,1,0,1,0,5,2,0,2,1,1,0,0,0,4,1,12,10,8,Normal,Moderate,Normal,2,Moderate
27,2,1,4,2,0,1,0,0,0,1,2,2,6,1,1,0,0,1,0,0,0,2,1,0,2,1,1,2,1,1,8,3,12,4,16,Normal,Normal,Moderate,2,Moderate
35,1,1,4,2,0,1,0,0,1,1,0,1,4,1,1,0,0,0,0,1,0,2,1,0,0,0,1,1,0,0,2,1,8,4,4,Normal,Normal,Normal,0,Low
33,1,1,4,2,0,1,0,0,1,0,1,1,4,1,2,2,1,1,1,0,0,7,3,0,0,1,1,1,0,1,4,1,8,14,8,Normal,Moderate,Normal,2,Moderate
20,2,0,4,2,0,1,0,1,1,1,2,1,7,1,0,0,1,1,1,1,0,4,2,0,1,0,1,2,0,0,4,1,14,8,8,Normal,Mild,Normal,1,Low
25,1,0,4,2,0,1,0,1,1,1,2,1,7,1,0,0,1,1,1,1,0,4,2,0,1,0,1,2,0,0,4,1,14,8,8,Normal,Mild,Normal,1,Low
35,1,1,3,2,0,1,0,1,1,1,1,1,6,1,0,0,1,1,1,0,1,4,2,0,1,0,1,1,1,1,5,2,12,8,10,Normal,Mild,Mild,1,Low
32,1,1,3,2,0,1,0,0,3,0,1,3,8,2,1,0,0,3,2,1,1,8,4,3,3,1,1,2,1,1,12,4,16,16,24,Mild,Severe,Severe,3,High
28,1,1,3,2,0,1,0,2,1,0,2,0,6,1,1,1,2,1,0,1,0,6,3,0,1,0,1,1,0,1,4,1,12,12,8,Normal,Moderate,Normal,2,Moderate
32,2,1,2,2,0,1,0,1,0,1,0,3,6,1,0,0,1,0,1,1,0,3,1,1,3,2,0,0,0,2,8,3,12,6,16,Normal,Normal,Moderate,2,Moderate
62,1,1,2,2,0,1,0,0,1,0,1,0,3,1,2,0,1,0,0,1,1,5,2,0,1,0,1,1,0,0,3,1,6,10,6,Normal,Moderate,Normal,2,Moderate
34,1,1,2,2,0,1,0,0,2,1,1,1,6,1,0,0,0,1,2,1,2,6,3,1,2,1,2,1,1,2,10,3,12,12,20,Normal,Moderate,Moderate,2,Moderate
26,1,1,2,2,0,1,0,1,2,1,3,3,11,3,0,0,0,2,0,0,0,2,1,2,2,3,3,2,3,3,18,5,22,4,36,Moderate,Normal,Extremely Severe,4,High
27,1,0,2,2,0,1,0,1,1,1,0,0,4,1,0,0,1,0,0,0,1,2,1,1,1,2,1,0,1,1,7,3,8,4,14,Normal,Normal,Moderate,2,Moderate
26,1,0,2,2,0,1,0,1,1,0,1,3,7,1,0,0,1,1,2,3,2,9,4,0,2,0,2,1,2,1,8,3,14,18,16,Normal,Severe,Moderate,3,High
37,2,1,1,2,0,1,0,1,1,1,2,0,6,1,1,0,1,1,0,0,0,3,1,0,1,0,1,1,1,0,4,1,12,6,8,Normal,Normal,Normal,0,Low
30,2,1,1,2,0,1,0,2,1,1,1,1,7,1,0,1,3,0,1,1,1,7,3,0,0,0,1,1,0,0,2,1,14,14,4,Normal,Moderate,Normal,2,Moderate
65,1,1,1,2,0,1,0,0,0,1,1,1,4,1,2,2,3,0,1,2,0,10,5,0,0,0,1,0,0,0,1,1,8,20,2,Normal,Extremely Severe,Normal,4,High
65,1,1,1,2,0,1,0,3,1,0,3,1,9,2,1,0,0,0,3,1,0,5,2,0,0,0,1,1,0,0,2,1,18,10,4,Mild,Moderate,Normal,2,Moderate
60,1,1,1,2,0,1,0,1,1,0,2,1,6,1,1,0,2,1,0,1,1,6,3,1,0,2,1,1,2,1,8,3,12,12,16,Normal,Moderate,Moderate,2,Moderate
59,1,1,1,2,0,1,0,1,1,1,1,2,7,1,1,0,0,1,1,0,1,4,2,2,1,2,1,2,0,0,8,3,14,8,16,Normal,Mild,Moderate,2,Moderate
56,1,1,1,2,0,1,0,3,1,0,3,3,11,3,0,0,1,0,3,1,1,6,3,0,0,0,1,1,0,0,2,1,22,12,4,Moderate,Moderate,Normal,2,Moderate
48,1,1,1,2,0,1,0,1,1,1,1,0,5,1,0,0,1,1,1,1,0,4,2,0,1,0,2,1,1,1,6,2,10,8,12,Normal,Mild,Mild,1,Low
48,1,1,1,2,0,1,0,0,3,1,3,3,11,3,0,0,0,0,2,2,2,6,3,0,0,0,3,3,0,0,6,2,22,12,12,Moderate,Moderate,Mild,2,Moderate
47,1,1,1,2,0,1,0,1,1,1,1,0,5,1,0,0,1,1,1,1,0,4,2,0,1,0,2,1,1,1,6,2,10,8,12,Normal,Mild,Mild,1,Low
26,1,0,1,2,0,1,0,0,1,0,1,1,4,1,0,0,0,1,0,1,1,3,1,0,1,0,1,2,0,0,4,1,8,6,8,Normal,Normal,Normal,0,Low
35,2,1,4,1,0,1,0,1,2,1,1,1,7,1,1,1,0,1,0,1,0,4,2,0,0,0,1,1,0,0,2,1,14,8,4,Normal,Mild,Normal,1,Low
34,2,1,4,1,0,1,0,1,0,0,1,0,3,1,0,0,0,0,1,0,0,1,1,0,1,0,0,0,0,0,1,1,6,2,2,Normal,Normal,Normal,0,Low
33,2,1,4,1,0,1,0,0,0,1,1,0,3,1,1,0,0,0,0,0,0,1,1,0,1,1,0,1,0,0,3,1,6,2,6,Normal,Normal,Normal,0,Low
32,2,1,4,1,0,1,0,1,1,1,1,0,5,1,0,0,0,0,0,0,0,0,1,0,0,0,0,1,0,0,1,1,10,0,2,Normal,Normal,Normal,0,Low
32,2,1,4,1,0,1,0,1,1,0,0,0,3,1,0,0,0,0,0,1,0,1,1,0,1,0,1,0,0,0,2,1,6,2,4,Normal,Normal,Normal,0,Low
32,2,1,4,1,0,1,0,3,2,1,1,0,8,2,1,0,0,1,0,0,0,2,1,1,1,1,0,1,0,0,4,1,16,4,8,Mild,Normal,Normal,1,Low
31,2,1,4,1,0,1,0,1,2,0,1,1,6,1,2,3,1,1,1,0,1,9,4,2,2,0,1,0,0,1,6,2,12,18,12,Normal,Severe,Mild,3,High
30,2,1,4,1,0,1,0,1,2,0,3,1,8,2,0,3,3,0,3,3,0,12,5,2,0,1,0,0,0,1,4,1,16,24,8,Mild,Extremely Severe,Normal,4,High
30,2,1,4,1,0,1,0,1,2,0,1,2,7,1,3,2,1,1,2,0,1,10,5,2,0,1,0,0,1,1,5,2,14,20,10,Normal,Extremely Severe,Mild,4,High
30,2,1,4,1,0,1,0,1,2,0,3,1,8,2,2,3,2,1,1,0,1,10,5,2,2,0,1,0,0,1,6,2,16,20,12,Mild,Extremely Severe,Mild,4,High
25,2,1,4,1,0,1,0,2,1,3,1,2,10,3,0,0,0,0,2,2,2,6,3,2,1,0,2,1,3,1,10,3,20,12,20,Moderate,Moderate,Moderate,2,Moderate
20,2,1,4,1,0,1,0,0,0,0,0,1,2,1,0,0,0,1,0,0,0,1,1,0,0,0,1,1,1,1,4,1,4,2,8,Normal,Normal,Normal,0,Low
20,2,1,4,1,0,1,0,0,0,1,1,1,4,1,0,0,0,1,1,0,0,2,1,0,1,0,1,2,0,0,4,1,8,4,8,Normal,Normal,Normal,0,Low
20,2,1,4,1,0,1,0,0,0,0,1,1,3,1,0,0,1,1,0,0,1,3,1,1,2,0,0,0,1,0,4,1,6,6,8,Normal,Normal,Normal,0,Low
28,2,1,3,1,0,1,0,1,0,0,1,3,6,1,1,0,2,3,1,1,2,10,5,0,0,0,0,0,0,0,0,1,12,20,0,Normal,Extremely Severe,Normal,4,High
24,2,1,3,1,0,1,0,0,1,0,1,0,3,1,2,0,1,0,0,1,1,5,2,0,1,0,1,1,0,0,3,1,6,10,6,Normal,Moderate,Normal,2,Moderate
62,2,1,2,1,0,1,0,1,0,0,1,3,6,1,1,0,2,3,1,1,2,10,5,0,0,0,0,0,0,0,0,1,12,20,0,Normal,Extremely Severe,Normal,4,High
50,2,1,1,1,0,1,0,0,0,0,2,1,4,1,2,1,0,0,0,0,1,4,2,1,1,1,1,0,0,1,5,2,8,8,10,Normal,Mild,Mild,1,Low
46,2,1,1,1,0,1,0,1,0,0,1,3,6,1,1,0,2,3,1,1,2,10,5,0,0,0,0,0,0,0,0,1,12,20,0,Normal,Extremely Severe,Normal,4,High
77,1,1,1,6,1,0,0,1,1,1,1,1,5,1,0,0,0,0,1,1,0,2,1,1,2,0,0,0,1,2,6,2,10,4,12,Normal,Normal,Mild,1,Low
21,2,1,5,4,1,0,0,0,0,0,0,1,1,1,0,0,0,0,0,0,0,0,1,0,0,0,1,0,0,0,1,1,2,0,2,Normal,Normal,Normal,0,Low
20,2,1,5,4,1,0,0,0,0,0,1,1,2,1,0,0,0,0,0,1,0,1,1,0,0,0,1,0,0,1,2,1,4,2,4,Normal,Normal,Normal,0,Low
20,2,1,5,4,1,0,0,0,1,1,1,0,3,1,1,0,0,0,0,0,0,1,1,0,0,0,0,0,1,1,2,1,6,2,4,Normal,Normal,Normal,0,Low
22,2,0,5,4,1,0,0,1,1,0,1,1,4,1,0,0,0,1,0,0,0,1,1,1,1,1,1,1,1,1,7,3,8,2,14,Normal,Normal,Moderate,2,Moderate
21,2,0,5,4,1,0,0,0,1,0,0,1,2,1,0,0,0,0,0,0,0,0,1,0,0,0,0,0,0,0,0,1,4,0,0,Normal,Normal,Normal,0,Low
21,2,0,5,4,1,0,0,1,1,0,0,1,3,1,1,0,0,0,1,0,1,3,1,0,0,0,0,1,0,0,1,1,6,6,2,Normal,Normal,Normal,0,Low
21,2,0,5,4,1,0,0,0,1,1,0,0,2,1,1,0,0,0,1,1,1,4,2,0,0,0,0,1,0,0,1,1,4,8,2,Normal,Mild,Normal,1,Low
21,2,0,5,4,1,0,0,0,1,0,0,0,1,1,0,0,0,0,1,0,0,1,1,0,0,0,1,0,0,1,2,1,2,2,4,Normal,Normal,Normal,0,Low
21,2,0,5,4,1,0,0,0,1,0,1,1,3,1,0,0,0,0,0,1,1,2,1,0,0,0,1,0,1,0,2,1,6,4,4,Normal,Normal,Normal,0,Low
21,2,0,5,4,1,0,0,1,0,0,1,0,2,1,1,0,0,1,1,0,0,3,1,1,0,0,1,0,0,0,2,1,4,6,4,Normal,Normal,Normal,0,Low
21,2,0,5,4,1,0,0,1,1,0,0,1,3,1,1,0,0,0,1,1,0,3,1,0,1,0,0,1,0,0,2,1,6,6,4,Normal,Normal,Normal,0,Low
21,2,0,5,4,1,0,0,0,0,1,1,0,2,1,0,0,0,0,0,0,0,0,1,0,0,1,1,0,1,0,3,1,4,0,6,Normal,Normal,Normal,0,Low
21,2,0,5,4,1,0,0,1,1,0,0,0,2,1,0,0,0,0,0,1,0,1,1,0,0,1,1,0,1,0,3,1,4,2,6,Normal,Normal,Normal,0,Low
21,2,0,5,4,1,0,0,0,0,1,1,0,2,1,0,0,0,0,0,0,0,0,1,0,1,1,1,0,1,0,4,1,4,0,8,Normal,Normal,Normal,0,Low
21,2,0,5,4,1,0,0,1,1,0,1,1,4,1,1,0,0,0,0,1,0,2,1,0,1,1,1,1,0,1,5,2,8,4,10,Normal,Normal,Mild,1,Low
20,2,0,5,4,1,0,0,0,1,0,0,0,1,1,0,0,0,0,0,0,0,0,1,0,0,0,0,0,0,0,0,1,2,0,0,Normal,Normal,Normal,0,Low
20,2,0,5,4,1,0,0,0,0,1,0,0,1,1,0,0,0,0,0,0,0,0,1,0,1,0,0,0,0,0,1,1,2,0,2,Normal,Normal,Normal,0,Low
20,2,0,5,4,1,0,0,0,1,0,0,0,1,1,0,1,0,0,0,0,0,1,1,0,0,1,0,0,0,0,1,1,2,2,2,Normal,Normal,Normal,0,Low
20,2,0,5,4,1,0,0,0,0,0,0,1,1,1,0,0,0,0,0,1,0,1,1,1,1,0,0,0,0,0,2,1,2,2,4,Normal,Normal,Normal,0,Low
20,2,0,5,4,1,0,0,0,0,1,1,0,2,1,0,0,0,0,0,0,0,0,1,0,1,0,1,1,0,0,3,1,4,0,6,Normal,Normal,Normal,0,Low
20,2,0,5,4,1,0,0,0,0,1,1,0,2,1,0,0,0,0,0,0,0,0,1,0,1,1,1,0,1,0,4,1,4,0,8,Normal,Normal,Normal,0,Low
20,2,0,5,4,1,0,0,0,1,0,0,0,1,1,0,1,0,0,0,0,0,1,1,0,0,1,1,1,0,1,4,1,2,2,8,Normal,Normal,Normal,0,Low
20,2,0,5,4,1,0,0,0,1,1,0,0,2,1,1,0,2,0,0,1,1,5,2,1,2,1,1,0,0,1,6,2,4,10,12,Normal,Moderate,Mild,2,Moderate
20,2,0,5,4,1,0,0,1,1,1,0,1,4,1,1,0,0,0,1,1,1,4,2,0,1,2,2,1,2,3,11,4,8,8,22,Normal,Mild,Severe,3,High
20,1,0,5,4,1,0,0,0,0,1,1,0,2,1,0,0,0,0,0,0,0,0,1,0,1,1,1,1,0,1,5,2,4,0,10,Normal,Normal,Mild,1,Low
31,1,1,4,4,1,0,0,1,1,2,3,0,7,1,3,0,0,1,2,1,0,7,3,0,1,1,2,0,1,1,6,2,14,14,12,Normal,Moderate,Mild,2,Moderate
22,2,0,4,4,1,0,0,2,1,0,3,3,9,2,3,0,3,1,0,0,0,7,3,0,0,0,3,2,1,0,6,2,18,14,12,Mild,Moderate,Mild,2,Moderate
30,1,1,4,3,1,0,0,0,0,1,1,1,3,1,1,1,1,0,1,1,0,5,2,0,0,1,0,3,3,1,8,3,6,10,16,Normal,Moderate,Moderate,2,Moderate
25,1,1,4,3,1,0,0,1,0,1,1,0,3,1,1,0,0,0,0,0,0,1,1,0,1,0,0,0,0,0,1,1,6,2,2,Normal,Normal,Normal,0,Low
50,1,1,3,3,1,0,0,1,1,0,3,2,7,1,0,0,0,3,0,0,0,3,1,0,0,0,0,0,0,0,0,1,14,6,0,Normal,Normal,Normal,0,Low
46,1,1,3,3,1,0,0,2,1,2,1,0,6,1,3,0,0,0,0,0,0,3,1,1,3,0,1,0,0,0,5,2,12,6,10,Normal,Normal,Mild,1,Low
29,1,1,3,3,1,0,0,1,1,0,1,2,5,1,2,0,0,1,2,0,1,6,3,1,0,1,1,0,0,1,4,1,10,12,8,Normal,Moderate,Normal,2,Moderate
20,1,0,3,3,1,0,0,1,0,0,1,0,2,1,0,0,1,3,1,1,0,6,3,0,1,0,1,0,0,1,3,1,4,12,6,Normal,Moderate,Normal,2,Moderate
48,1,1,5,2,1,0,0,0,0,3,0,2,5,1,1,0,1,1,1,1,0,5,2,1,2,2,1,1,1,1,9,3,10,10,18,Normal,Moderate,Moderate,2,Moderate
35,1,1,5,2,1,0,0,0,0,0,1,0,1,1,0,0,0,0,0,0,0,0,1,0,0,0,0,0,0,0,0,1,2,0,0,Normal,Normal,Normal,0,Low
35,1,1,5,2,1,0,0,0,1,1,1,1,4,1,1,1,0,0,1,1,1,5,2,0,0,0,1,0,0,0,1,1,8,10,2,Normal,Moderate,Normal,2,Moderate
35,1,1,5,2,1,0,0,1,1,0,1,3,6,1,1,0,0,1,1,1,0,4,2,1,1,3,2,2,2,1,12,4,12,8,24,Normal,Mild,Severe,3,High
32,1,1,5,2,1,0,0,1,1,0,1,0,3,1,0,0,1,0,0,1,0,2,1,0,1,0,0,1,0,0,2,1,6,4,4,Normal,Normal,Normal,0,Low
26,1,1,5,2,1,0,0,0,1,0,1,2,4,1,0,0,2,0,2,3,0,7,3,0,0,3,2,2,1,2,10,3,8,14,20,Normal,Moderate,Moderate,2,Moderate
20,2,1,4,2,1,0,0,1,1,0,2,1,5,1,1,0,0,1,0,1,1,4,2,1,0,1,1,1,1,1,6,2,10,8,12,Normal,Mild,Mild,1,Low
38,1,1,4,2,1,0,0,1,1,1,2,1,6,1,1,0,0,1,1,1,1,5,2,0,0,1,1,0,1,1,4,1,12,10,8,Normal,Moderate,Normal,2,Moderate
38,1,1,4,2,1,0,0,1,1,0,1,1,4,1,1,1,0,1,1,2,1,7,3,0,1,1,1,1,1,2,7,3,8,14,14,Normal,Moderate,Moderate,2,Moderate
36,1,1,4,2,1,0,0,1,2,1,1,3,8,2,1,0,0,1,0,0,1,3,1,0,1,0,0,1,0,0,2,1,16,6,4,Mild,Normal,Normal,1,Low
29,1,1,3,2,1,0,0,0,1,1,0,0,2,1,1,1,1,0,1,1,0,5,2,1,2,1,1,1,0,0,6,2,4,10,12,Normal,Moderate,Mild,2,Moderate
21,1,0,3,2,1,0,0,1,1,0,1,2,5,1,1,1,1,1,0,1,1,6,3,0,1,1,1,1,1,1,6,2,10,12,12,Normal,Moderate,Mild,2,Moderate
34,1,1,2,2,1,0,0,1,1,0,1,0,3,1,1,1,1,1,1,1,1,7,3,0,0,0,1,0,2,0,3,1,6,14,6,Normal,Moderate,Normal,2,Moderate
31,1,1,2,2,1,0,0,2,1,0,3,2,8,2,0,0,0,1,0,1,3,5,2,0,1,0,1,0,0,0,2,1,16,10,4,Mild,Moderate,Normal,2,Moderate
62,1,1,1,2,1,0,0,0,1,0,3,0,4,1,1,0,1,1,0,0,0,3,1,0,1,1,0,1,1,0,4,1,8,6,8,Normal,Normal,Normal,0,Low
56,1,1,1,2,1,0,0,0,1,1,2,0,4,1,1,0,0,0,0,0,0,1,1,0,0,1,0,1,0,1,3,1,8,2,6,Normal,Normal,Normal,0,Low
29,2,1,4,1,1,0,0,0,0,0,2,1,3,1,2,0,0,2,1,0,0,5,2,0,1,1,1,1,2,0,6,2,6,10,12,Normal,Moderate,Mild,2,Moderate
26,2,1,4,1,1,0,0,0,1,3,1,0,5,1,0,0,0,1,1,0,1,3,1,0,0,0,1,1,2,1,5,2,10,6,10,Normal,Normal,Mild,1,Low
30,2,1,3,1,1,0,0,1,0,0,1,1,3,1,0,0,0,0,0,0,0,0,1,0,0,0,0,0,0,0,0,1,6,0,0,Normal,Normal,Normal,0,Low
30,2,1,3,1,1,0,0,1,1,1,1,2,6,1,1,0,0,0,0,0,1,2,1,0,0,0,1,0,0,0,1,1,12,4,2,Normal,Normal,Normal,0,Low
26,2,1,3,1,1,0,0,0,3,0,2,3,8,2,1,0,1,0,1,1,0,4,2,0,0,0,0,0,0,0,0,1,16,8,0,Mild,Mild,Normal,1,Low
37,2,1,2,1,1,0,0,1,0,0,0,0,1,1,0,0,0,0,0,0,0,0,1,0,0,0,0,0,0,0,0,1,2,0,0,Normal,Normal,Normal,0,Low
23,2,1,2,1,1,0,0,0,0,0,2,2,4,1,0,0,1,1,0,1,1,4,2,0,1,1,1,1,1,1,6,2,8,8,12,Normal,Mild,Mild,1,Low
62,2,1,1,1,1,0,0,1,0,1,1,0,3,1,0,0,0,0,0,1,0,1,1,1,1,1,1,1,1,1,7,3,6,2,14,Normal,Normal,Moderate,2,Moderate
68,1,1,1,6,0,0,0,1,1,1,1,1,5,1,0,0,0,0,1,1,0,2,1,1,2,0,0,0,1,2,6,2,10,4,12,Normal,Normal,Mild,1,Low
50,1,1,2,5,0,0,0,1,1,1,1,2,6,1,1,0,0,0,0,0,1,2,1,0,0,0,1,0,0,0,1,1,12,4,2,Normal,Normal,Normal,0,Low
36,1,1,2,5,0,0,0,1,1,2,3,0,7,1,3,0,0,1,2,1,0,7,3,0,1,1,2,0,1,1,6,2,14,14,12,Normal,Moderate,Mild,2,Moderate
21,2,1,5,4,0,0,0,0,0,1,1,1,3,1,1,0,0,0,0,0,0,1,1,0,0,0,0,0,0,0,0,1,6,2,0,Normal,Normal,Normal,0,Low
20,2,1,5,4,0,0,0,1,3,0,0,0,4,1,0,0,2,0,0,1,0,3,1,0,0,0,0,0,0,0,0,1,8,6,0,Normal,Normal,Normal,0,Low
20,2,1,5,4,0,0,0,1,0,0,1,0,2,1,0,0,0,1,0,0,0,1,1,0,0,1,0,0,1,0,2,1,4,2,4,Normal,Normal,Normal,0,Low
20,2,1,5,4,0,0,0,1,1,1,0,0,3,1,0,0,1,0,1,0,1,3,1,0,2,1,1,1,0,0,5,2,6,6,10,Normal,Normal,Mild,1,Low
19,2,1,5,4,0,0,0,1,1,0,0,0,2,1,0,0,0,0,0,0,0,0,1,0,0,0,0,0,0,0,0,1,4,0,0,Normal,Normal,Normal,0,Low
19,2,1,5,4,0,0,0,0,1,0,0,1,2,1,0,0,0,0,0,0,0,0,1,0,0,0,0,0,0,0,0,1,4,0,0,Normal,Normal,Normal,0,Low
19,2,1,5,4,0,0,0,1,1,0,0,0,2,1,0,0,0,0,0,0,0,0,1,0,0,0,0,0,1,0,1,1,4,0,2,Normal,Normal,Normal,0,Low
19,2,1,5,4,0,0,0,0,0,0,1,0,1,1,1,0,0,0,0,0,1,2,1,0,1,0,1,0,0,0,2,1,2,4,4,Normal,Normal,Normal,0,Low
21,1,1,5,4,0,0,0,0,0,0,0,1,1,1,0,0,1,1,1,1,0,4,2,0,0,1,0,1,2,2,6,2,2,8,12,Normal,Mild,Mild,1,Low
25,2,0,5,4,0,0,0,1,1,0,1,0,3,1,1,1,1,1,1,1,1,7,3,0,0,0,1,0,2,0,3,1,6,14,6,Normal,Moderate,Normal,2,Moderate
24,2,0,5,4,0,0,0,2,1,0,3,2,8,2,0,0,0,1,0,1,3,5,2,0,1,0,1,0,0,0,2,1,16,10,4,Mild,Moderate,Normal,2,Moderate
22,2,0,5,4,0,0,0,0,0,0,0,1,1,1,1,0,0,0,0,0,1,2,1,2,3,2,2,1,1,0,11,4,2,4,22,Normal,Normal,Severe,3,High
21,2,0,5,4,0,0,0,0,0,1,1,1,3,1,1,0,0,0,0,0,0,1,1,0,0,0,0,0,0,0,0,1,6,2,0,Normal,Normal,Normal,0,Low
21,2,0,5,4,0,0,0,1,1,3,0,0,5,1,1,0,1,0,0,0,0,2,1,0,0,0,0,0,0,0,0,1,10,4,0,Normal,Normal,Normal,0,Low
21,2,0,5,4,0,0,0,0,1,1,2,0,4,1,1,0,0,0,0,0,0,1,1,0,0,1,0,1,0,1,3,1,8,2,6,Normal,Normal,Normal,0,Low
21,2,0,5,4,0,0,0,0,1,0,3,0,4,1,1,0,1,1,0,0,0,3,1,0,1,1,0,1,1,0,4,1,8,6,8,Normal,Normal,Normal,0,Low
21,2,0,5,4,0,0,0,1,0,0,0,1,2,1,0,1,0,1,1,0,1,4,2,1,1,0,1,0,0,1,4,1,4,8,8,Normal,Mild,Normal,1,Low
21,2,0,5,4,0,0,0,1,1,1,0,1,4,1,0,0,0,1,0,0,0,1,1,0,0,0,0,0,2,3,5,2,8,2,10,Normal,Normal,Mild,1,Low
21,2,0,5,4,0,0,0,2,2,2,1,1,8,2,0,0,0,0,0,1,0,1,1,0,1,1,1,1,1,0,5,2,16,2,10,Mild,Normal,Mild,1,Low
21,2,0,5,4,0,0,0,1,1,1,1,1,5,1,1,0,0,0,0,1,0,2,1,1,1,1,1,1,1,0,6,2,10,4,12,Normal,Normal,Mild,1,Low
21,2,0,5,4,0,0,0,1,1,1,1,1,5,1,1,0,1,1,0,1,1,5,2,0,1,1,1,1,1,1,6,2,10,10,12,Normal,Moderate,Mild,2,Moderate
21,2,0,5,4,0,0,0,0,0,0,1,1,2,1,1,2,1,0,0,0,0,4,2,2,1,1,1,2,1,2,10,3,4,8,20,Normal,Mild,Moderate,2,Moderate
20,2,0,5,4,0,0,0,0,0,0,0,1,1,1,0,0,0,0,0,0,0,0,1,0,0,0,0,0,0,0,0,1,2,0,0,Normal,Normal,Normal,0,Low
20,2,0,5,4,0,0,0,0,0,1,1,0,2,1,0,0,0,0,0,0,0,0,1,0,0,0,0,0,0,0,0,1,4,0,0,Normal,Normal,Normal,0,Low
20,2,0,5,4,0,0,0,1,1,0,0,0,2,1,0,0,0,0,0,0,0,0,1,0,0,0,0,0,0,0,0,1,4,0,0,Normal,Normal,Normal,0,Low
20,2,0,5,4,0,0,0,0,1,1,0,0,2,1,0,0,0,0,0,0,0,0,1,0,0,0,0,0,0,0,0,1,4,0,0,Normal,Normal,Normal,0,Low
20,2,0,5,4,0,0,0,0,0,0,1,0,1,1,0,0,1,0,0,0,0,1,1,0,0,0,0,0,0,0,0,1,2,2,0,Normal,Normal,Normal,0,Low
20,2,0,5,4,0,0,0,0,0,0,0,1,1,1,0,0,0,0,1,0,0,1,1,0,0,0,0,0,0,0,0,1,2,2,0,Normal,Normal,Normal,0,Low
20,2,0,5,4,0,0,0,1,1,0,0,0,2,1,1,0,0,0,0,0,0,1,1,0,0,0,0,0,0,0,0,1,4,2,0,Normal,Normal,Normal,0,Low
20,2,0,5,4,0,0,0,1,1,0,1,0,3,1,0,0,0,0,0,1,0,1,1,0,0,0,0,0,0,0,0,1,6,2,0,Normal,Normal,Normal,0,Low
20,2,0,5,4,0,0,0,0,1,0,0,0,1,1,1,0,0,0,0,1,0,2,1,0,0,0,0,0,0,0,0,1,2,4,0,Normal,Normal,Normal,0,Low
20,2,0,5,4,0,0,0,0,0,0,0,1,1,1,1,0,1,0,0,0,0,2,1,0,0,0,0,0,0,0,0,1,2,4,0,Normal,Normal,Normal,0,Low
20,2,0,5,4,0,0,0,0,1,1,0,1,3,1,1,1,0,0,0,0,0,2,1,0,0,0,0,0,0,0,0,1,6,4,0,Normal,Normal,Normal,0,Low
20,2,0,5,4,0,0,0,0,1,0,0,0,1,1,1,1,0,0,0,1,0,3,1,0,0,0,0,0,0,0,0,1,2,6,0,Normal,Normal,Normal,0,Low
20,2,0,5,4,0,0,0,1,0,0,0,2,3,1,1,0,0,3,0,0,1,5,2,0,0,0,0,0,0,0,0,1,6,10,0,Normal,Moderate,Normal,2,Moderate
20,2,0,5,4,0,0,0,0,0,0,0,1,1,1,0,0,0,0,0,0,0,0,1,0,0,0,1,0,0,0,1,1,2,0,2,Normal,Normal,Normal,0,Low
20,2,0,5,4,0,0,0,0,1,0,0,1,2,1,0,0,0,0,0,0,0,0,1,0,0,0,1,0,0,0,1,1,4,0,2,Normal,Normal,Normal,0,Low
20,2,0,5,4,0,0,0,0,1,0,0,1,2,1,0,0,0,0,0,0,0,0,1,0,0,0,1,0,0,0,1,1,4,0,2,Normal,Normal,Normal,0,Low
20,2,0,5,4,0,0,0,0,1,0,0,1,2,1,0,0,0,0,0,0,0,0,1,0,0,0,1,0,0,0,1,1,4,0,2,Normal,Normal,Normal,0,Low
20,2,0,5,4,0,0,0,0,0,0,1,0,1,1,1,0,0,0,0,0,0,1,1,0,0,0,1,0,0,0,1,1,2,2,2,Normal,Normal,Normal,0,Low
20,2,0,5,4,0,0,0,0,0,0,0,1,1,1,1,0,0,0,0,0,0,1,1,0,0,0,1,0,0,0,1,1,2,2,2,Normal,Normal,Normal,0,Low
20,2,0,5,4,0,0,0,0,0,2,0,0,2,1,1,0,0,0,0,0,0,1,1,1,0,0,0,0,0,0,1,1,4,2,2,Normal,Normal,Normal,0,Low
20,2,0,5,4,0,0,0,1,1,2,1,2,7,1,1,0,0,0,0,2,0,3,1,0,0,0,1,0,0,0,1,1,14,6,2,Normal,Normal,Normal,0,Low
20,2,0,5,4,0,0,0,1,1,0,0,0,2,1,0,0,0,0,0,0,0,0,1,0,1,0,0,1,0,0,2,1,4,0,4,Normal,Normal,Normal,0,Low
20,2,0,5,4,0,0,0,0,0,0,0,2,2,1,0,0,0,0,0,0,0,0,1,0,0,0,1,1,0,0,2,1,4,0,4,Normal,Normal,Normal,0,Low
20,2,0,5,4,0,0,0,1,0,0,1,0,2,1,0,0,0,1,0,0,0,1,1,0,1,0,0,0,1,0,2,1,4,2,4,Normal,Normal,Normal,0,Low
20,2,0,5,4,0,0,0,0,1,0,1,1,3,1,0,0,0,0,1,0,0,1,1,0,1,0,0,1,0,0,2,1,6,2,4,Normal,Normal,Normal,0,Low
20,2,0,5,4,0,0,0,1,1,0,0,1,3,1,0,0,0,1,0,0,0,1,1,0,0,0,0,1,0,1,2,1,6,2,4,Normal,Normal,Normal,0,Low
20,2,0,5,4,0,0,0,0,0,1,0,2,3,1,0,0,0,0,1,0,0,1,1,0,2,0,1,0,0,0,3,1,6,2,6,Normal,Normal,Normal,0,Low
20,2,0,5,4,0,0,0,0,1,2,1,0,4,1,0,0,0,0,1,1,1,3,1,0,1,1,0,0,0,1,3,1,8,6,6,Normal,Normal,Normal,0,Low
20,2,0,5,4,0,0,0,0,1,0,0,1,2,1,2,0,0,0,0,2,0,4,2,0,0,0,1,2,0,0,3,1,4,8,6,Normal,Mild,Normal,1,Low
20,2,0,5,4,0,0,0,0,0,0,0,1,1,1,2,2,0,0,0,0,1,5,2,0,0,3,0,0,0,0,3,1,2,10,6,Normal,Moderate,Normal,2,Moderate
20,2,0,5,4,0,0,0,1,0,0,0,1,2,1,0,0,0,0,0,0,0,0,1,0,0,0,1,1,1,1,4,1,4,0,8,Normal,Normal,Normal,0,Low
20,2,0,5,4,0,0,0,1,0,0,0,1,2,1,0,2,0,0,0,0,1,3,1,0,2,0,0,2,0,0,4,1,4,6,8,Normal,Normal,Normal,0,Low
20,2,0,5,4,0,0,0,1,0,1,0,1,3,1,0,0,0,1,0,0,0,1,1,0,1,2,1,1,0,0,5,2,6,2,10,Normal,Normal,Mild,1,Low
20,2,0,5,4,0,0,0,0,0,0,1,1,2,1,0,0,0,1,1,0,1,3,1,2,1,1,0,1,1,1,7,3,4,6,14,Normal,Normal,Moderate,2,Moderate
19,2,0,5,4,0,0,0,0,0,0,0,0,0,1,0,0,0,0,0,0,0,0,1,0,0,0,0,0,0,0,0,1,0,0,0,Normal,Normal,Normal,0,Low
19,2,0,5,4,0,0,0,0,1,0,0,1,2,1,0,0,0,0,0,0,0,0,1,0,0,0,0,0,0,0,0,1,4,0,0,Normal,Normal,Normal,0,Low
19,2,0,5,4,0,0,0,0,1,1,0,0,2,1,0,0,0,0,0,0,0,0,1,0,0,0,0,0,0,0,0,1,4,0,0,Normal,Normal,Normal,0,Low
19,2,0,5,4,0,0,0,0,1,0,0,0,1,1,0,0,1,0,0,0,0,1,1,0,0,0,0,0,0,0,0,1,2,2,0,Normal,Normal,Normal,0,Low
19,2,0,5,4,0,0,0,0,0,0,0,1,1,1,1,0,0,0,0,0,0,1,1,0,0,0,0,0,0,0,0,1,2,2,0,Normal,Normal,Normal,0,Low
19,2,0,5,4,0,0,0,1,0,0,0,0,1,1,1,0,0,0,0,1,0,2,1,0,0,0,0,0,0,0,0,1,2,4,0,Normal,Normal,Normal,0,Low
19,2,0,5,4,0,0,0,0,1,0,0,1,2,1,0,0,2,0,0,2,0,4,2,0,0,0,0,0,0,0,0,1,4,8,0,Normal,Mild,Normal,1,Low
19,2,0,5,4,0,0,0,1,1,1,0,0,3,1,0,1,1,1,1,0,0,4,2,0,0,0,0,0,0,0,0,1,6,8,0,Normal,Mild,Normal,1,Low
19,2,0,5,4,0,0,0,0,0,1,1,0,2,1,0,0,1,0,1,0,0,2,1,1,0,0,0,0,0,0,1,1,4,4,2,Normal,Normal,Normal,0,Low
19,2,0,5,4,0,0,0,0,1,0,0,1,2,1,0,1,0,0,0,1,2,4,2,0,0,0,0,1,0,0,1,1,4,8,2,Normal,Mild,Normal,1,Low
19,2,0,5,4,0,0,0,0,1,1,1,0,3,1,0,0,0,1,0,0,0,1,1,0,0,0,1,1,0,0,2,1,6,2,4,Normal,Normal,Normal,0,Low
19,2,0,5,4,0,0,0,0,1,0,1,1,3,1,1,0,0,0,0,0,0,1,1,0,0,0,0,1,1,0,2,1,6,2,4,Normal,Normal,Normal,0,Low
19,2,0,5,4,0,0,0,0,0,0,0,1,1,1,0,0,0,1,0,1,0,2,1,0,0,0,0,1,1,0,2,1,2,4,4,Normal,Normal,Normal,0,Low
19,2,0,5,4,0,0,0,0,1,0,1,1,3,1,1,0,0,0,0,0,0,1,1,0,1,1,0,1,0,0,3,1,6,2,6,Normal,Normal,Normal,0,Low
19,2,0,5,4,0,0,0,0,0,1,1,1,3,1,1,1,0,0,0,0,0,2,1,0,0,0,1,1,1,0,3,1,6,4,6,Normal,Normal,Normal,0,Low
19,2,0,5,4,0,0,0,1,1,1,0,1,4,1,0,1,0,1,1,1,0,4,2,0,1,0,0,1,0,1,3,1,8,8,6,Normal,Mild,Normal,1,Low
19,2,0,5,4,0,0,0,1,0,0,0,0,1,1,1,1,0,0,0,0,0,2,1,0,0,0,2,0,0,2,4,1,2,4,8,Normal,Normal,Normal,0,Low
19,2,0,5,4,0,0,0,1,1,2,0,1,5,1,3,0,0,0,2,2,0,7,3,1,2,0,1,1,0,0,5,2,10,14,10,Normal,Moderate,Mild,2,Moderate
19,2,0,5,4,0,0,0,0,0,0,0,1,1,1,1,1,1,1,1,1,0,6,3,0,1,1,1,1,1,1,6,2,2,12,12,Normal,Moderate,Mild,2,Moderate
19,2,0,5,4,0,0,0,1,3,3,3,3,13,4,0,0,0,0,1,0,1,2,1,3,3,3,3,2,0,0,14,5,26,4,28,Severe,Normal,Extremely Severe,4,High
22,1,0,5,4,0,0,0,0,0,0,0,1,1,1,2,3,0,0,0,1,1,7,3,1,2,0,1,0,0,2,6,2,2,14,12,Normal,Moderate,Mild,2,Moderate
21,1,0,5,4,0,0,0,1,1,0,0,0,2,1,1,0,0,0,0,0,1,2,1,0,0,0,0,0,0,0,0,1,4,4,0,Normal,Normal,Normal,0,Low
21,1,0,5,4,0,0,0,1,1,2,1,0,5,1,0,0,0,0,0,0,0,0,1,0,1,0,0,0,0,1,2,1,10,0,4,Normal,Normal,Normal,0,Low
21,1,0,5,4,0,0,0,0,1,1,1,1,4,1,2,0,1,1,0,0,0,4,2,0,0,1,0,0,1,1,3,1,8,8,6,Normal,Mild,Normal,1,Low
21,1,0,5,4,0,0,0,0,1,1,1,3,6,1,0,0,0,0,0,1,0,1,1,0,0,2,2,2,0,3,9,3,12,2,18,Normal,Normal,Moderate,2,Moderate
20,1,0,5,4,0,0,0,0,0,0,1,0,1,1,0,0,1,0,0,0,0,1,1,0,0,0,0,0,0,0,0,1,2,2,0,Normal,Normal,Normal,0,Low
20,1,0,5,4,0,0,0,0,1,0,0,0,1,1,0,0,0,0,1,1,0,2,1,0,0,0,0,0,0,0,0,1,2,4,0,Normal,Normal,Normal,0,Low
20,1,0,5,4,0,0,0,0,1,0,1,0,2,1,0,0,0,0,1,0,0,1,1,0,0,0,1,0,0,0,1,1,4,2,2,Normal,Normal,Normal,0,Low
20,1,0,5,4,0,0,0,1,0,0,1,0,2,1,0,0,0,0,1,0,0,1,1,0,1,0,0,1,0,0,2,1,4,2,4,Normal,Normal,Normal,0,Low
20,1,0,5,4,0,0,0,0,0,0,1,2,3,1,0,0,0,0,2,1,0,3,1,0,0,0,0,0,0,2,2,1,6,6,4,Normal,Normal,Normal,0,Low
19,1,0,5,4,0,0,0,0,1,1,0,0,2,1,0,0,0,0,0,0,0,0,1,0,0,0,0,0,0,0,0,1,4,0,0,Normal,Normal,Normal,0,Low
19,1,0,5,4,0,0,0,0,0,0,1,1,2,1,1,1,1,1,0,0,0,4,2,0,0,0,0,0,0,0,0,1,4,8,0,Normal,Mild,Normal,1,Low
19,1,0,5,4,0,0,0,0,1,0,1,0,2,1,1,0,0,0,0,0,1,2,1,1,0,0,1,1,0,0,3,1,4,4,6,Normal,Normal,Normal,0,Low
19,1,0,5,4,0,0,0,0,0,0,1,1,2,1,0,0,0,0,0,0,0,0,1,1,0,2,0,1,0,1,5,2,4,0,10,Normal,Normal,Mild,1,Low
24,1,1,4,4,0,0,0,1,0,1,1,0,3,1,1,0,0,0,0,0,0,1,1,0,1,0,0,0,0,0,1,1,6,2,2,Normal,Normal,Normal,0,Low
22,2,0,4,4,0,0,0,0,0,1,1,1,3,1,1,1,1,0,1,1,0,5,2,0,0,1,0,3,3,1,8,3,6,10,16,Normal,Moderate,Moderate,2,Moderate
22,2,0,4,4,0,0,0,3,3,3,1,1,11,3,0,0,0,0,2,2,2,6,3,0,1,0,1,0,2,1,5,2,22,12,10,Moderate,Moderate,Mild,2,Moderate
21,2,0,4,4,0,0,0,1,0,0,1,0,2,1,0,0,1,3,1,1,0,6,3,0,1,0,1,0,0,1,3,1,4,12,6,Normal,Moderate,Normal,2,Moderate
21,2,0,4,4,0,0,0,1,1,0,1,2,5,1,2,0,0,1,2,0,1,6,3,1,0,1,1,0,0,1,4,1,10,12,8,Normal,Moderate,Normal,2,Moderate
20,2,0,4,4,0,0,0,2,1,2,1,0,6,1,3,0,0,0,0,0,0,3,1,1,3,0,1,0,0,0,5,2,12,6,10,Normal,Normal,Mild,1,Low
19,2,0,4,4,0,0,0,1,1,0,3,2,7,1,0,0,0,3,0,0,0,3,1,0,0,0,0,0,0,0,0,1,14,6,0,Normal,Normal,Normal,0,Low
23,2,0,3,4,0,0,0,2,1,0,3,3,9,2,3,0,3,1,0,0,0,7,3,0,0,0,3,2,1,0,6,2,18,14,12,Mild,Moderate,Mild,2,Moderate
50,1,1,4,3,0,0,0,0,1,3,1,0,5,1,0,0,0,1,1,0,1,3,1,0,1,0,0,1,0,1,3,1,10,6,6,Normal,Normal,Normal,0,Low
29,1,1,4,3,0,0,0,1,1,0,1,1,4,1,1,1,0,1,1,2,1,7,3,0,1,1,1,1,1,2,7,3,8,14,14,Normal,Moderate,Moderate,2,Moderate
52,1,1,2,3,0,0,0,1,2,0,1,1,5,1,1,0,2,2,1,0,0,6,3,0,1,0,1,2,1,1,6,2,10,12,12,Normal,Moderate,Mild,2,Moderate
32,1,1,2,3,0,0,0,1,1,0,1,2,5,1,1,1,1,1,0,1,1,6,3,0,1,1,1,1,1,1,6,2,10,12,12,Normal,Moderate,Mild,2,Moderate
26,1,0,2,3,0,0,0,0,1,1,0,0,2,1,1,1,1,0,1,1,0,5,2,1,2,1,1,1,0,0,6,2,4,10,12,Normal,Moderate,Mild,2,Moderate
39,1,1,5,2,0,0,0,1,0,0,1,1,3,1,0,0,0,0,0,0,0,0,1,0,0,0,0,0,0,0,0,1,6,0,0,Normal,Normal,Normal,0,Low
38,1,1,5,2,0,0,0,1,1,1,1,2,6,1,1,0,0,0,0,0,1,2,1,0,0,0,1,0,0,0,1,1,12,4,2,Normal,Normal,Normal,0,Low
32,2,1,4,2,0,0,0,0,3,0,2,3,8,2,1,0,1,0,1,1,0,4,2,0,0,0,0,0,0,0,0,1,16,8,0,Mild,Mild,Normal,1,Low
35,1,1,4,2,0,0,0,0,0,0,2,2,4,1,0,0,1,1,0,1,1,4,2,0,1,1,1,1,1,1,6,2,8,8,12,Normal,Mild,Mild,1,Low
20,2,0,4,2,0,0,0,1,0,0,0,0,1,1,0,0,0,0,0,0,0,0,1,0,0,0,0,0,0,0,0,1,2,0,0,Normal,Normal,Normal,0,Low
26,2,1,3,2,0,0,0,1,0,1,1,0,3,1,0,0,0,0,0,1,0,1,1,1,1,1,1,1,1,1,7,3,6,2,14,Normal,Normal,Moderate,2,Moderate
40,1,1,3,2,0,0,0,0,0,3,0,2,5,1,1,0,1,1,1,1,0,5,2,1,2,2,1,1,1,1,9,3,10,10,18,Normal,Moderate,Moderate,2,Moderate
24,1,0,3,2,0,0,0,0,1,1,1,1,4,1,1,1,0,0,1,1,1,5,2,0,0,0,1,0,0,0,1,1,8,10,2,Normal,Moderate,Normal,2,Moderate
37,2,1,2,2,0,0,0,0,1,0,1,2,4,1,0,0,2,0,2,3,0,7,3,0,0,3,2,2,1,2,10,3,8,14,20,Normal,Moderate,Moderate,2,Moderate
29,2,1,2,2,0,0,0,0,0,0,1,0,1,1,0,0,0,0,0,0,0,0,1,0,0,0,0,0,0,0,0,1,2,0,0,Normal,Normal,Normal,0,Low
36,1,1,2,2,0,0,0,1,1,0,1,3,6,1,1,0,0,1,1,1,0,4,2,1,1,3,2,2,2,1,12,4,12,8,24,Normal,Mild,Severe,3,High
23,1,0,2,2,0,0,0,1,1,0,1,0,3,1,0,0,1,0,0,1,0,2,1,0,1,0,0,1,0,0,2,1,6,4,4,Normal,Normal,Normal,0,Low
54,1,1,1,2,0,0,0,1,1,1,2,1,6,1,1,0,0,1,1,1,1,5,2,0,0,1,1,0,1,1,4,1,12,10,8,Normal,Moderate,Normal,2,Moderate
30,1,1,1,2,0,0,0,1,2,1,1,3,8,2,1,0,0,1,0,0,1,3,1,0,1,0,0,1,0,0,2,1,16,6,4,Mild,Normal,Normal,1,Low
26,1,1,1,2,0,0,0,1,1,0,2,1,5,1,1,0,0,1,0,1,1,4,2,1,0,1,1,1,1,1,6,2,10,8,12,Normal,Mild,Mild,1,Low
26,2,1,5,1,0,0,0,2,1,1,0,0,4,1,0,0,0,0,1,1,0,2,1,0,0,0,1,0,0,0,1,1,8,4,2,Normal,Normal,Normal,0,Low
42,2,1,4,1,0,0,0,2,1,1,0,0,4,1,1,0,0,1,0,0,0,2,1,1,1,0,0,1,1,0,4,1,8,4,8,Normal,Normal,Normal,0,Low
27,2,1,4,1,0,0,0,0,0,1,0,0,1,1,1,0,1,0,0,0,0,2,1,0,1,0,1,0,0,0,2,1,2,4,4,Normal,Normal,Normal,0,Low
27,2,1,4,1,0,0,0,0,0,0,0,1,1,1,0,1,0,0,0,0,0,1,1,0,1,0,0,0,1,1,3,1,2,2,6,Normal,Normal,Normal,0,Low
27,2,1,4,1,0,0,0,0,0,0,0,1,1,1,0,0,1,0,0,0,0,1,1,0,1,1,1,0,1,0,4,1,2,2,8,Normal,Normal,Normal,0,Low
27,2,1,4,1,0,0,0,0,0,0,1,1,2,1,0,0,1,0,0,0,0,1,1,0,1,1,1,0,1,1,5,2,4,2,10,Normal,Normal,Mild,1,Low
27,2,1,4,1,0,0,0,0,0,0,1,1,2,1,0,0,1,0,0,0,0,1,1,1,0,1,1,0,1,1,5,2,4,2,10,Normal,Normal,Mild,1,Low
27,2,1,4,1,0,0,0,0,0,0,0,1,1,1,1,0,1,0,0,0,0,2,1,1,2,1,1,1,1,1,8,3,2,4,16,Normal,Normal,Moderate,2,Moderate
26,2,1,4,1,0,0,0,0,0,0,1,0,1,1,0,0,0,0,0,0,0,0,1,0,0,0,1,0,0,0,1,1,2,0,2,Normal,Normal,Normal,0,Low
26,2,1,4,1,0,0,0,0,1,0,0,0,1,1,1,0,0,0,0,0,0,1,1,0,0,0,0,1,0,0,1,1,2,2,2,Normal,Normal,Normal,0,Low
25,2,1,4,1,0,0,0,0,1,0,0,0,1,1,1,0,1,0,0,1,0,3,1,0,0,1,1,1,1,1,5,2,2,6,10,Normal,Normal,Mild,1,Low
24,2,1,4,1,0,0,0,0,0,0,1,0,1,1,0,0,0,0,0,0,0,0,1,0,0,0,0,0,0,0,0,1,2,0,0,Normal,Normal,Normal,0,Low
22,2,1,4,1,0,0,0,0,0,0,0,1,1,1,0,0,0,0,0,0,0,0,1,0,0,0,0,0,0,0,0,1,2,0,0,Normal,Normal,Normal,0,Low
20,2,1,4,1,0,0,0,0,1,0,0,0,1,1,0,0,1,0,0,1,0,2,1,0,0,0,0,0,0,0,0,1,2,4,0,Normal,Normal,Normal,0,Low
19,2,1,4,1,0,0,0,0,0,0,1,1,2,1,1,1,1,0,0,0,0,3,1,0,0,1,1,1,0,0,3,1,4,6,6,Normal,Normal,Normal,0,Low
18,2,1,4,1,0,0,0,0,0,0,1,2,3,1,2,2,0,2,0,2,1,9,4,0,0,0,1,1,1,1,4,1,6,18,8,Normal,Severe,Normal,3,High
37,2,0,4,1,0,0,0,0,0,0,1,0,1,1,0,0,1,0,1,0,0,2,1,0,0,0,2,0,0,0,2,1,2,4,4,Normal,Normal,Normal,0,Low
40,2,1,3,1,0,0,0,0,0,0,0,1,1,1,0,0,1,0,0,0,0,1,1,0,0,1,0,0,0,0,1,1,2,2,2,Normal,Normal,Normal,0,Low
40,2,1,3,1,0,0,0,0,1,1,1,0,3,1,0,2,0,0,1,2,0,5,2,0,0,2,0,0,1,2,5,2,6,10,10,Normal,Moderate,Mild,2,Moderate
38,2,1,3,1,0,0,0,0,0,0,0,1,1,1,1,1,0,0,1,1,1,5,2,1,0,0,0,0,1,0,2,1,2,10,4,Normal,Moderate,Normal,2,Moderate
37,2,1,3,1,0,0,0,0,0,0,1,0,1,1,1,0,0,0,0,0,0,1,1,0,0,0,0,0,0,0,0,1,2,2,0,Normal,Normal,Normal,0,Low
35,2,1,3,1,0,0,0,0,1,0,1,0,2,1,1,1,0,0,0,0,0,2,1,0,0,1,0,0,0,0,1,1,4,4,2,Normal,Normal,Normal,0,Low
33,2,1,3,1,0,0,0,0,1,1,1,0,3,1,0,2,2,0,0,1,1,6,3,2,2,0,0,2,2,2,10,3,6,12,20,Normal,Moderate,Moderate,2,Moderate
27,2,1,3,1,0,0,0,0,0,0,1,2,3,1,3,0,1,2,3,0,1,10,5,2,3,0,1,2,0,0,8,3,6,20,16,Normal,Extremely Severe,Moderate,4,High
20,2,1,3,1,0,0,0,0,1,3,1,0,5,1,0,0,0,1,1,0,1,3,1,0,1,0,0,1,0,1,3,1,10,6,6,Normal,Normal,Normal,0,Low
52,2,1,2,1,0,0,0,0,0,0,1,2,3,1,3,0,1,2,3,0,1,10,5,2,3,0,1,2,0,0,8,3,6,20,16,Normal,Extremely Severe,Moderate,4,High
33,2,1,2,1,0,0,0,1,2,0,1,1,5,1,1,0,2,2,1,0,0,6,3,0,1,0,1,2,1,1,6,2,10,12,12,Normal,Moderate,Mild,2,Moderate
24,2,1,2,1,0,0,0,1,1,1,1,2,6,1,1,0,0,0,0,0,1,2,1,0,0,0,1,0,0,0,1,1,12,4,2,Normal,Normal,Normal,0,Low
50,2,1,1,1,0,0,0,0,0,0,2,1,3,1,2,0,0,2,1,0,0,5,2,0,1,1,1,1,2,0,6,2,6,10,12,Normal,Moderate,Mild,2,Moderate
29,2,1,1,1,0,0,0,0,1,3,1,0,5,1,0,0,0,1,1,0,1,3,1,0,0,0,1,1,2,1,5,2,10,6,10,Normal,Normal,Mild,1,Low
